threshold,n_bets,roi,se,t,profit,win_rate
0.0,107,-0.06261682242990656,0.08480285480772913,-0.7383810671453894,-6.700000000000001,0.4672897196261682
0.02,94,-0.020106382978723414,0.0904832718342535,-0.22221105151407564,-1.890000000000001,0.4787234042553192
0.05,80,0.044062499999999984,0.10000154641802712,0.4406181862009376,3.5249999999999986,0.525
0.1,64,-0.036640624999999996,0.11208505125074748,-0.3269001940145488,-2.3449999999999998,0.484375
