event_id,commence_time,api_home_team,api_away_team,home_team,away_team,home_odds,draw_odds,away_odds,bookmaker,market,regions,last_update,fetched_at,snapshot_type,target_round,capture_reason
befa2b25c7206fff805ec850406ce916,2026-07-04T11:00:00Z,Liaoning Tieren FC,Chongqing Tonglianglong FC,Liaoning Tieren,Chongqing Tonglianglong,2.04,3.38,3.55,pinnacle,h2h,us,2026-06-27T13:13:08Z,2026-06-27T13:13:08Z,open,18,phase2-verify open
2047976b140223ddafdf57e3c7d9ceb1,2026-07-04T11:00:00Z,Qingdao West Coast FC,Shanghai SIPG FC,Qingdao West Coast,Shanghai Port,2.63,3.33,2.6,pinnacle,h2h,us,2026-06-27T13:13:08Z,2026-06-27T13:13:08Z,open,18,phase2-verify open
00c57e4da1b1ce13fe7b1ed49109aeaa,2026-07-04T11:35:00Z,Beijing FC,Shandong Luneng Taishan FC,Beijing Guoan,Shandong Taishan,1.77,4.03,3.88,pinnacle,h2h,us,2026-06-27T13:13:08Z,2026-06-27T13:13:08Z,open,18,phase2-verify open
8d7b4248f72c253976810ca11e8a0cc6,2026-07-04T11:35:00Z,Dalian Yingbo,Wuhan Three Towns,Dalian Yingbo,Wuhan Three Towns,1.64,3.88,4.9,pinnacle,h2h,us,2026-06-27T13:13:08Z,2026-06-27T13:13:08Z,open,18,phase2-verify open
2f1f19792812a0aefde07f2613fee1dd,2026-07-04T12:00:00Z,Tianjin Jinmen Tiger FC,Shenzhen Peng City FC,Tianjin Jinmen Tiger,Shenzhen Xinpengcheng,2.32,3.39,2.95,pinnacle,h2h,us,2026-06-27T13:13:08Z,2026-06-27T13:13:08Z,open,18,phase2-verify open
b09bf5018114cf89bb795b4ab2d25ea2,2026-07-05T11:00:00Z,Qingdao Hainiu FC,Chengdu Rongcheng FC,Qingdao Hainiu,Chengdu Rongcheng,4.22,3.77,1.76,pinnacle,h2h,us,2026-06-28T13:13:08Z,2026-06-28T13:13:08Z,open,18,phase2-verify open
5c4a70da78793e03ef9fbe2629112921,2026-07-05T11:35:00Z,Shanghai Shenhua FC,Zhejiang,Shanghai Shenhua,Zhejiang Professional,1.68,4.23,4.12,pinnacle,h2h,us,2026-06-28T13:13:08Z,2026-06-28T13:13:08Z,open,18,phase2-verify open
0d0d64b27ec014729aac0e1b5f79b3dd,2026-07-10T11:35:00Z,Shandong Luneng Taishan FC,Yunnan Yukun,Shandong Taishan,Yunnan Yukun,1.6,4.51,4.44,pinnacle,h2h,us,2026-07-04T12:02:19Z,2026-07-04T12:02:25Z,open,18,scheduler open-window tick @ 2026-07-04T12:02:24.926365+00:00
ccf5dfa453a671a3d3ab5952365e0445,2026-07-11T11:35:00Z,Shenzhen Peng City FC,Qingdao West Coast FC,Shenzhen Xinpengcheng,Qingdao West Coast,2.45,3.31,2.81,pinnacle,h2h,us,2026-07-04T12:44:56Z,2026-07-04T12:45:12Z,open,18,scheduler open-window tick @ 2026-07-04T12:45:12.288608+00:00
20d5494b4b956e27eb4ba468d327894a,2026-07-11T12:00:00Z,Chengdu Rongcheng FC,Chongqing Tonglianglong FC,Chengdu Rongcheng,Chongqing Tonglianglong,1.36,4.76,7.52,pinnacle,h2h,us,2026-07-05T11:41:59Z,2026-07-05T11:42:05Z,open,18,scheduler open-window tick @ 2026-07-05T11:42:05.085513+00:00
07f21d0ed763dd57c384ae70453e615f,2026-07-11T11:00:00Z,Zhejiang,Qingdao Hainiu FC,Zhejiang Professional,Qingdao Hainiu,1.56,4.33,4.94,pinnacle,h2h,us,2026-07-05T12:56:24Z,2026-07-05T12:56:25Z,open,18,scheduler open-window tick @ 2026-07-05T12:56:24.987012+00:00
ac8361a0f9ddadb6d5429f1daac8a995,2026-07-18T11:00:00Z,Qingdao West Coast FC,Chengdu Rongcheng FC,Qingdao West Coast,Chengdu Rongcheng,3.98,3.72,1.82,pinnacle,h2h,us,2026-07-11T13:49:00Z,2026-07-11T13:49:08Z,open,19,scheduler open-window tick @ 2026-07-11T13:49:08.632076+00:00
6d213f33c60b8339c5c6ff5c5d9cf15d,2026-07-18T12:00:00Z,Wuhan Three Towns,Shenzhen Peng City FC,Wuhan Three Towns,Shenzhen Xinpengcheng,2.09,3.49,3.3,pinnacle,h2h,us,2026-07-11T13:49:00Z,2026-07-11T13:49:08Z,open,19,scheduler open-window tick @ 2026-07-11T13:49:08.632076+00:00
3abd5d6ab676880db7d46e5c1a267269,2026-07-18T11:35:00Z,Shanghai Shenhua FC,Tianjin Jinmen Tiger FC,Shanghai Shenhua,Tianjin Jinmen Tiger,1.48,4.47,5.76,pinnacle,h2h,us,2026-07-11T12:42:52Z,2026-07-11T12:42:52Z,open,19,manually add
033319c081ee30d81bbf6daf96897bba,2026-07-17T11:35:00Z,Beijing FC,Liaoning Tieren FC,Beijing Guoan,Liaoning Tieren,1.37,5.09,6.67,pinnacle,h2h,us,2026-07-11T08:42:52Z,2026-07-11T08:42:52Z,open,19,manually add
354532026104d407ef116b6ed2f0f05e,2026-07-17T12:00:00Z,Yunnan Yukun,Shanghai SIPG FC,Yunnan Yukun,Shanghai Port,2.21,3.73,2.9,pinnacle,h2h,us,2026-07-12T11:47:09Z,2026-07-12T11:47:23Z,open,19,scheduler open-window tick @ 2026-07-12T11:47:23.460971+00:00
a2f48c8669537b56409b960e6f4b5da8,2026-07-18T11:35:00Z,Dalian Yingbo,Shandong Luneng Taishan FC,Dalian Yingbo,Shandong Taishan,2.15,3.64,3.07,pinnacle,h2h,us,2026-07-12T11:47:09Z,2026-07-12T11:47:23Z,open,19,scheduler open-window tick @ 2026-07-12T11:47:23.460971+00:00
73b14004bac6348a0acec428b9024c14,2026-07-17T11:35:00Z,Henan FC,Qingdao Hainiu FC,Henan Songshan Longmen,Qingdao Hainiu,1.55,4.13,5.36,pinnacle,h2h,us,2026-07-14T13:41:06Z,2026-07-14T13:41:23Z,open,19,scheduler open-window tick @ 2026-07-14T13:41:23.662440+00:00
08d268ec4c18c02590640fe2cdafc1e5,2026-07-18T11:00:00Z,Chongqing Tonglianglong FC,Zhejiang,Chongqing Tonglianglong,Zhejiang Professional,2.57,3.34,2.65,pinnacle,h2h,us,2026-07-14T13:41:06Z,2026-07-14T13:41:23Z,open,19,scheduler open-window tick @ 2026-07-14T13:41:23.662440+00:00
ac8361a0f9ddadb6d5429f1daac8a995,2026-07-18T11:00:00Z,Qingdao West Coast FC,Chengdu Rongcheng FC,Qingdao West Coast,Chengdu Rongcheng,4.28,3.87,1.8,onexbet,h2h,us,2026-07-11T12:12:00Z,2026-07-16T09:15:00Z,open,19,manual-backfill oddspedia 1xbet open
6d213f33c60b8339c5c6ff5c5d9cf15d,2026-07-18T12:00:00Z,Wuhan Three Towns,Shenzhen Peng City FC,Wuhan Three Towns,Shenzhen Xinpengcheng,2.12,3.58,3.38,onexbet,h2h,us,2026-07-11T12:12:00Z,2026-07-16T09:15:00Z,open,19,manual-backfill oddspedia 1xbet open
3abd5d6ab676880db7d46e5c1a267269,2026-07-18T11:35:00Z,Shanghai Shenhua FC,Tianjin Jinmen Tiger FC,Shanghai Shenhua,Tianjin Jinmen Tiger,1.46,4.79,6.44,onexbet,h2h,us,2026-07-11T11:58:00Z,2026-07-16T09:15:00Z,open,19,manual-backfill oddspedia 1xbet open
033319c081ee30d81bbf6daf96897bba,2026-07-17T11:35:00Z,Beijing FC,Liaoning Tieren FC,Beijing Guoan,Liaoning Tieren,1.4,5.36,6.92,onexbet,h2h,us,2026-07-11T08:07:00Z,2026-07-16T09:15:00Z,open,19,manual-backfill oddspedia 1xbet open
354532026104d407ef116b6ed2f0f05e,2026-07-17T12:00:00Z,Yunnan Yukun,Shanghai SIPG FC,Yunnan Yukun,Shanghai Port,2.45,3.94,2.6,onexbet,h2h,us,2026-07-12T11:07:00Z,2026-07-16T09:15:00Z,open,19,manual-backfill oddspedia 1xbet open
a2f48c8669537b56409b960e6f4b5da8,2026-07-18T11:35:00Z,Dalian Yingbo,Shandong Luneng Taishan FC,Dalian Yingbo,Shandong Taishan,2.15,3.79,3.13,onexbet,h2h,us,2026-07-12T11:07:00Z,2026-07-16T09:15:00Z,open,19,manual-backfill oddspedia 1xbet open
08d268ec4c18c02590640fe2cdafc1e5,2026-07-18T11:00:00Z,Chongqing Tonglianglong FC,Zhejiang,Chongqing Tonglianglong,Zhejiang Professional,2.29,3.77,2.9,onexbet,h2h,us,2026-07-13T09:59:00Z,2026-07-16T09:15:00Z,open,19,manual-backfill oddspedia 1xbet open
73b14004bac6348a0acec428b9024c14,2026-07-17T11:35:00Z,Henan FC,Qingdao Hainiu FC,Henan Songshan Longmen,Qingdao Hainiu,1.6,4.06,5.59,onexbet,h2h,us,2026-07-14T09:58:06Z,2026-07-16T09:15:00Z,open,19,manual-backfill oddspedia 1xbet open
ac8361a0f9ddadb6d5429f1daac8a995,2026-07-18T11:00:00Z,Qingdao West Coast FC,Chengdu Rongcheng FC,Qingdao West Coast,Chengdu Rongcheng,4.136,3.94,1.793,betfair,h2h,uk,2026-07-15T10:21:00Z,2026-07-16T09:15:00Z,open,19,manual-backfill sportmarket betfair open
6d213f33c60b8339c5c6ff5c5d9cf15d,2026-07-18T12:00:00Z,Wuhan Three Towns,Shenzhen Peng City FC,Wuhan Three Towns,Shenzhen Xinpengcheng,2.097,3.646,3.254,betfair,h2h,uk,2026-07-11T13:12:00Z,2026-07-16T09:15:00Z,open,19,manual-backfill sportmarket betfair open
3abd5d6ab676880db7d46e5c1a267269,2026-07-18T11:35:00Z,Shanghai Shenhua FC,Tianjin Jinmen Tiger FC,Shanghai Shenhua,Tianjin Jinmen Tiger,1.45,4.92,7.076,betfair,h2h,uk,2026-07-11T12:58:00Z,2026-07-16T09:15:00Z,open,19,manual-backfill sportmarket betfair open
033319c081ee30d81bbf6daf96897bba,2026-07-17T11:35:00Z,Beijing FC,Liaoning Tieren FC,Beijing Guoan,Liaoning Tieren,1.372,5.312,6.88,betfair,h2h,uk,2026-07-11T08:07:00Z,2026-07-16T09:15:00Z,open,19,manual-backfill sportmarket betfair open
354532026104d407ef116b6ed2f0f05e,2026-07-17T12:00:00Z,Yunnan Yukun,Shanghai SIPG FC,Yunnan Yukun,Shanghai Port,2.607,4.037,2.411,betfair,h2h,uk,2026-07-12T11:07:00Z,2026-07-16T09:15:00Z,open,19,manual-backfill sportmarket betfair open
a2f48c8669537b56409b960e6f4b5da8,2026-07-18T11:35:00Z,Dalian Yingbo,Shandong Luneng Taishan FC,Dalian Yingbo,Shandong Taishan,2.391,3.94,2.881,betfair,h2h,uk,2026-07-12T11:07:00Z,2026-07-16T09:15:00Z,open,19,manual-backfill sportmarket betfair open
08d268ec4c18c02590640fe2cdafc1e5,2026-07-18T11:00:00Z,Chongqing Tonglianglong FC,Zhejiang,Chongqing Tonglianglong,Zhejiang Professional,2.685,3.646,2.489,betfair,h2h,uk,2026-07-13T09:59:00Z,2026-07-16T09:15:00Z,open,19,manual-backfill sportmarket betfair open
73b14004bac6348a0acec428b9024c14,2026-07-17T11:35:00Z,Henan FC,Qingdao Hainiu FC,Henan Songshan Longmen,Qingdao Hainiu,1.597,4.136,5.606,betfair,h2h,uk,2026-07-14T09:58:06Z,2026-07-16T09:15:00Z,open,19,manual-backfill sportmarket betfair open
b38d8ecec25f9c8a6da23fe7ca64f37f,2026-07-25T09:30:00Z,Qingdao Hainiu FC,Tianjin Jinmen Tiger FC,Qingdao Hainiu,Tianjin Jinmen Tiger,2.5,3.2,2.84,pinnacle,h2h,us,2026-07-18T11:59:01Z,2026-07-18T11:59:15Z,open,20,scheduler open-window tick @ 2026-07-18T11:59:15.475563+00:00
2cfc5f9dfe94ee29edfb2732a7b2e915,2026-07-25T11:35:00Z,Shanghai SIPG FC,Shanghai Shenhua FC,Shanghai Port,Shanghai Shenhua,2.13,3.8,2.99,pinnacle,h2h,us,2026-07-18T11:59:01Z,2026-07-18T11:59:15Z,open,20,scheduler open-window tick @ 2026-07-18T11:59:15.475563+00:00
b38d8ecec25f9c8a6da23fe7ca64f37f,2026-07-25T09:30:00Z,Qingdao Hainiu FC,Tianjin Jinmen Tiger FC,Qingdao Hainiu,Tianjin Jinmen Tiger,2.55,3.25,2.89,onexbet,h2h,us,2026-07-18T12:18:48Z,2026-07-18T12:19:15Z,open,20,scheduler open-window tick @ 2026-07-18T12:19:14.958691+00:00
2cfc5f9dfe94ee29edfb2732a7b2e915,2026-07-25T11:35:00Z,Shanghai SIPG FC,Shanghai Shenhua FC,Shanghai Port,Shanghai Shenhua,2.16,3.85,3.07,onexbet,h2h,us,2026-07-18T12:18:48Z,2026-07-18T12:19:15Z,open,20,scheduler open-window tick @ 2026-07-18T12:19:14.958691+00:00
d5e0333a9423ddedc76bbbf26a080ada,2026-07-25T12:00:00Z,Wuhan Three Towns,Chongqing Tonglianglong FC,Wuhan Three Towns,Chongqing Tonglianglong,2.15,3.38,3.27,pinnacle,h2h,us,2026-07-18T12:29:11Z,2026-07-18T12:29:23Z,open,20,scheduler open-window tick @ 2026-07-18T12:29:23.128766+00:00
d5e0333a9423ddedc76bbbf26a080ada,2026-07-25T12:00:00Z,Wuhan Three Towns,Chongqing Tonglianglong FC,Wuhan Three Towns,Chongqing Tonglianglong,2.17,3.48,3.33,onexbet,h2h,us,2026-07-18T12:47:15Z,2026-07-18T12:47:32Z,open,20,scheduler open-window tick @ 2026-07-18T12:47:32.506184+00:00
82b0fdbfbaa18193200ade14973bd208,2026-07-25T11:35:00Z,Liaoning Tieren FC,Qingdao West Coast FC,Liaoning Tieren,Qingdao West Coast,2.0,3.73,3.46,pinnacle,h2h,us,2026-07-18T13:21:12Z,2026-07-18T13:21:15Z,open,20,now-refresh fallback (open window missed)
82b0fdbfbaa18193200ade14973bd208,2026-07-25T11:35:00Z,Liaoning Tieren FC,Qingdao West Coast FC,Liaoning Tieren,Qingdao West Coast,2.01,3.79,3.5,onexbet,h2h,us,2026-07-18T13:20:34Z,2026-07-18T13:21:15Z,open,20,now-refresh fallback (open window missed)
4a30ff683e400a1559b6c80e8eee9aa2,2026-07-26T11:00:00Z,Yunnan Yukun,Shenzhen Peng City FC,Yunnan Yukun,Shenzhen Xinpengcheng,1.84,3.93,3.84,pinnacle,h2h,us,2026-07-19T13:22:13Z,2026-07-19T13:22:23Z,open,20,now-refresh fallback (open window missed)
d010a40219f8686887964dfddefd9e08,2026-07-26T11:35:00Z,Chengdu Rongcheng FC,Beijing FC,Chengdu Rongcheng,Beijing Guoan,2.02,4.0,3.21,pinnacle,h2h,us,2026-07-19T13:22:14Z,2026-07-19T13:22:23Z,open,20,now-refresh fallback (open window missed)
a7f00cc64f5bc888a30615d1eea9e41f,2026-07-26T11:35:00Z,Shandong Luneng Taishan FC,Henan FC,Shandong Taishan,Henan Songshan Longmen,2.02,3.86,3.3,pinnacle,h2h,us,2026-07-19T13:22:14Z,2026-07-19T13:22:23Z,open,20,now-refresh fallback (open window missed)
20e991dc3fcbd43781dd25de5a920798,2026-07-26T12:00:00Z,Zhejiang,Dalian Yingbo,Zhejiang Professional,Dalian Yingbo,2.1,3.74,3.1,pinnacle,h2h,us,2026-07-19T13:22:14Z,2026-07-19T13:22:23Z,open,20,now-refresh fallback (open window missed)
4a30ff683e400a1559b6c80e8eee9aa2,2026-07-26T11:00:00Z,Yunnan Yukun,Shenzhen Peng City FC,Yunnan Yukun,Shenzhen Xinpengcheng,1.84,3.98,3.94,onexbet,h2h,us,2026-07-19T16:00:26Z,2026-07-19T16:00:26Z,open,20,now-refresh fallback (open window missed)
d010a40219f8686887964dfddefd9e08,2026-07-26T11:35:00Z,Chengdu Rongcheng FC,Beijing FC,Chengdu Rongcheng,Beijing Guoan,2.04,4.01,3.25,onexbet,h2h,us,2026-07-19T16:00:26Z,2026-07-19T16:00:26Z,open,20,now-refresh fallback (open window missed)
a7f00cc64f5bc888a30615d1eea9e41f,2026-07-26T11:35:00Z,Shandong Luneng Taishan FC,Henan FC,Shandong Taishan,Henan Songshan Longmen,2.03,3.92,3.34,onexbet,h2h,us,2026-07-19T16:00:26Z,2026-07-19T16:00:26Z,open,20,now-refresh fallback (open window missed)
20e991dc3fcbd43781dd25de5a920798,2026-07-26T12:00:00Z,Zhejiang,Dalian Yingbo,Zhejiang Professional,Dalian Yingbo,2.04,3.83,3.37,onexbet,h2h,us,2026-07-19T16:00:26Z,2026-07-19T16:00:26Z,open,20,now-refresh fallback (open window missed)
a22a19e686e0a4d9e9a81bf34d96d411,2026-08-02T10:00:00Z,Qingdao West Coast FC,Qingdao Hainiu FC,Qingdao West Coast,Qingdao Hainiu,1.7,3.92,4.35,pinnacle,h2h,us,2026-07-26T10:46:40Z,2026-07-26T10:46:41Z,open,21,now-refresh fallback (open window missed)
a22a19e686e0a4d9e9a81bf34d96d411,2026-08-02T10:00:00Z,Qingdao West Coast FC,Qingdao Hainiu FC,Qingdao West Coast,Qingdao Hainiu,1.72,4.08,4.53,onexbet,h2h,us,2026-07-26T10:46:02Z,2026-07-26T10:46:41Z,open,21,now-refresh fallback (open window missed)
7901ac55bc45e2c1848818cf3a10af77,2026-08-01T11:00:00Z,Tianjin Jinmen Tiger FC,Yunnan Yukun,Tianjin Jinmen Tiger,Yunnan Yukun,2.43,3.52,2.83,onexbet,h2h,us,2026-07-26T11:49:58Z,2026-07-26T11:50:02Z,open,21,scheduler open-window tick @ 2026-07-26T11:50:02.113429+00:00
7901ac55bc45e2c1848818cf3a10af77,2026-08-01T11:00:00Z,Tianjin Jinmen Tiger FC,Yunnan Yukun,Tianjin Jinmen Tiger,Yunnan Yukun,2.39,3.48,2.78,pinnacle,h2h,us,2026-07-26T11:49:59Z,2026-07-26T11:50:02Z,open,21,scheduler open-window tick @ 2026-07-26T11:50:02.113429+00:00
b2dafd55f589fced90359c3f3bfe6f09,2026-07-31T11:35:00Z,Henan FC,Dalian Yingbo,Henan Songshan Longmen,Dalian Yingbo,1.86,3.81,4.02,onexbet,h2h,us,2026-07-26T12:47:37Z,2026-07-26T12:48:06Z,open,21,scheduler open-window tick @ 2026-07-26T12:48:06.081990+00:00
b2dafd55f589fced90359c3f3bfe6f09,2026-07-31T11:35:00Z,Henan FC,Dalian Yingbo,Henan Songshan Longmen,Dalian Yingbo,1.84,3.71,3.91,pinnacle,h2h,us,2026-07-26T12:47:56Z,2026-07-26T12:48:06Z,open,21,scheduler open-window tick @ 2026-07-26T12:48:06.081990+00:00
af87c41d745f03f5ab47071b866f1045,2026-08-01T11:35:00Z,Beijing FC,Zhejiang,Beijing Guoan,Zhejiang Professional,1.58,4.68,4.99,onexbet,h2h,us,2026-07-26T12:47:37Z,2026-07-26T12:48:06Z,open,21,scheduler open-window tick @ 2026-07-26T12:48:06.081990+00:00
af87c41d745f03f5ab47071b866f1045,2026-08-01T11:35:00Z,Beijing FC,Zhejiang,Beijing Guoan,Zhejiang Professional,1.55,4.54,4.8,pinnacle,h2h,us,2026-07-26T12:47:56Z,2026-07-26T12:48:06Z,open,21,scheduler open-window tick @ 2026-07-26T12:48:06.081990+00:00
4fc9c5ab135788b816ccc5629a0110d3,2026-08-01T11:35:00Z,Shanghai SIPG FC,Shandong Luneng Taishan FC,Shanghai Port,Shandong Taishan,1.97,3.92,3.26,pinnacle,h2h,us,2026-07-26T12:47:56Z,2026-07-26T12:48:06Z,open,21,scheduler open-window tick @ 2026-07-26T12:48:06.081990+00:00
4fc9c5ab135788b816ccc5629a0110d3,2026-08-01T11:35:00Z,Shanghai SIPG FC,Shandong Luneng Taishan FC,Shanghai Port,Shandong Taishan,1.98,4.07,3.35,onexbet,h2h,us,2026-07-26T12:47:37Z,2026-07-26T12:48:06Z,open,21,scheduler open-window tick @ 2026-07-26T12:48:06.081990+00:00
e6185d83427fdab8f1e9a7879b9a40c5,2026-08-01T12:00:00Z,Chengdu Rongcheng FC,Wuhan Three Towns,Chengdu Rongcheng,Wuhan Three Towns,1.32,5.02,8.35,pinnacle,h2h,us,2026-07-26T12:47:56Z,2026-07-26T12:48:06Z,open,21,scheduler open-window tick @ 2026-07-26T12:48:06.081990+00:00
e6185d83427fdab8f1e9a7879b9a40c5,2026-08-01T12:00:00Z,Chengdu Rongcheng FC,Wuhan Three Towns,Chengdu Rongcheng,Wuhan Three Towns,1.35,5.1,8.65,onexbet,h2h,us,2026-07-26T12:47:37Z,2026-07-26T12:48:06Z,open,21,scheduler open-window tick @ 2026-07-26T12:48:06.081990+00:00
d115aa16adbce2466367a191674b90cc,2026-08-02T12:00:00Z,Shenzhen Peng City FC,Chongqing Tonglianglong FC,Shenzhen Xinpengcheng,Chongqing Tonglianglong,2.15,3.58,3.32,onexbet,h2h,us,2026-07-26T12:47:37Z,2026-07-26T12:48:06Z,open,21,scheduler open-window tick @ 2026-07-26T12:48:06.081990+00:00
d115aa16adbce2466367a191674b90cc,2026-08-02T12:00:00Z,Shenzhen Peng City FC,Chongqing Tonglianglong FC,Shenzhen Xinpengcheng,Chongqing Tonglianglong,2.13,3.46,3.25,pinnacle,h2h,us,2026-07-26T12:47:56Z,2026-07-26T12:48:06Z,open,21,scheduler open-window tick @ 2026-07-26T12:48:06.081990+00:00
c41cd08c20d94834425d64a444da7298,2026-08-02T11:35:00Z,Liaoning Tieren FC,Shanghai Shenhua FC,Liaoning Tieren,Shanghai Shenhua,3.45,3.91,1.95,pinnacle,h2h,us,2026-07-26T13:27:44Z,2026-07-26T13:27:57Z,open,21,now-refresh fallback (open window missed)
c41cd08c20d94834425d64a444da7298,2026-08-02T11:35:00Z,Liaoning Tieren FC,Shanghai Shenhua FC,Liaoning Tieren,Shanghai Shenhua,3.48,3.92,1.98,onexbet,h2h,us,2026-07-26T13:27:25Z,2026-07-26T13:27:57Z,open,21,now-refresh fallback (open window missed)
453ed6b200e1432c820826dbc336785a,2026-08-08T11:35:00Z,Zhejiang,Wuhan Three Towns,Zhejiang Professional,Wuhan Three Towns,1.67,4.14,4.29,pinnacle,h2h,us,2026-08-01T12:42:11Z,2026-08-01T12:42:17Z,open,22,scheduler open-window tick @ 2026-08-01T12:42:17.733102+00:00
e6706ba277f22cb0455e3952c3d540e8,2026-08-08T12:00:00Z,Yunnan Yukun,Chengdu Rongcheng FC,Yunnan Yukun,Chengdu Rongcheng,3.37,3.89,1.94,pinnacle,h2h,us,2026-08-01T12:42:11Z,2026-08-01T12:42:17Z,open,22,scheduler open-window tick @ 2026-08-01T12:42:17.733102+00:00
453ed6b200e1432c820826dbc336785a,2026-08-08T11:35:00Z,Zhejiang,Wuhan Three Towns,Zhejiang Professional,Wuhan Three Towns,1.71,4.28,4.38,onexbet,h2h,us,2026-08-01T14:08:20Z,2026-08-01T14:09:41Z,open,22,scheduler open-window tick @ 2026-08-01T14:09:41.053097+00:00
e6706ba277f22cb0455e3952c3d540e8,2026-08-08T12:00:00Z,Yunnan Yukun,Chengdu Rongcheng FC,Yunnan Yukun,Chengdu Rongcheng,3.46,4.04,1.96,onexbet,h2h,us,2026-08-01T14:08:20Z,2026-08-01T14:09:41Z,open,22,scheduler open-window tick @ 2026-08-01T14:09:41.053097+00:00
9432d83cf4349c2db8558380add51dee,2026-08-09T11:00:00Z,Henan FC,Qingdao West Coast FC,Henan Songshan Longmen,Qingdao West Coast,1.54,4.27,5.2,pinnacle,h2h,us,2026-08-02T11:20:22Z,2026-08-02T11:20:37Z,open,22,scheduler open-window tick @ 2026-08-02T11:20:37.274095+00:00
9432d83cf4349c2db8558380add51dee,2026-08-09T11:00:00Z,Henan FC,Qingdao West Coast FC,Henan Songshan Longmen,Qingdao West Coast,1.63,3.96,5.58,onexbet,h2h,us,2026-08-02T11:30:21Z,2026-08-02T11:30:33Z,open,22,scheduler open-window tick @ 2026-08-02T11:30:32.979234+00:00
778ee640a70044296959154e5011a877,2026-08-08T11:35:00Z,Dalian Yingbo,Liaoning Tieren FC,Dalian Yingbo,Liaoning Tieren,1.56,4.64,4.89,pinnacle,h2h,us,2026-08-02T11:38:00Z,2026-08-02T11:38:15Z,open,22,scheduler open-window tick @ 2026-08-02T11:38:15.366927+00:00
778ee640a70044296959154e5011a877,2026-08-08T11:35:00Z,Dalian Yingbo,Liaoning Tieren FC,Dalian Yingbo,Liaoning Tieren,1.59,4.58,5.04,onexbet,h2h,us,2026-08-02T11:36:39Z,2026-08-02T11:38:15Z,open,22,scheduler open-window tick @ 2026-08-02T11:38:15.366927+00:00
778ee640a70044296959154e5011a877,2026-08-08T11:35:00Z,Dalian Yingbo,Liaoning Tieren FC,Dalian Yingbo,Liaoning Tieren,1.04,1.01,1.04,betfair_ex_eu,h2h,us,2026-08-02T11:38:08Z,2026-08-02T11:38:15Z,open,22,scheduler open-window tick @ 2026-08-02T11:38:15.366927+00:00
778ee640a70044296959154e5011a877,2026-08-08T11:35:00Z,Dalian Yingbo,Liaoning Tieren FC,Dalian Yingbo,Liaoning Tieren,1.04,1.01,1.04,betfair_ex_uk,h2h,us,2026-08-02T11:38:09Z,2026-08-02T11:38:15Z,open,22,scheduler open-window tick @ 2026-08-02T11:38:15.366927+00:00
79a6e12920ae70c4b48f9350dc61524e,2026-08-08T11:00:00Z,Qingdao Hainiu FC,Shanghai Shenhua FC,Qingdao Hainiu,Shanghai Shenhua,3.52,3.89,1.89,pinnacle,h2h,us,2026-08-02T12:12:32Z,2026-08-02T12:12:37Z,open,22,scheduler open-window tick @ 2026-08-02T12:12:37.668304+00:00
79a6e12920ae70c4b48f9350dc61524e,2026-08-08T11:00:00Z,Qingdao Hainiu FC,Shanghai Shenhua FC,Qingdao Hainiu,Shanghai Shenhua,3.6,4.02,1.92,onexbet,h2h,us,2026-08-02T12:11:53Z,2026-08-02T12:12:37Z,open,22,scheduler open-window tick @ 2026-08-02T12:12:37.668304+00:00
024cb3ba6a0bbbf93251f260f0e917c8,2026-08-07T11:35:00Z,Beijing FC,Shenzhen Peng City FC,Beijing Guoan,Shenzhen Xinpengcheng,1.31,5.64,7.48,pinnacle,h2h,us,2026-08-02T12:22:24Z,2026-08-02T12:22:41Z,open,22,scheduler open-window tick @ 2026-08-02T12:22:40.860880+00:00
024cb3ba6a0bbbf93251f260f0e917c8,2026-08-07T11:35:00Z,Beijing FC,Shenzhen Peng City FC,Beijing Guoan,Shenzhen Xinpengcheng,1.39,5.39,6.92,onexbet,h2h,us,2026-08-02T12:22:34Z,2026-08-02T12:22:41Z,open,22,scheduler open-window tick @ 2026-08-02T12:22:40.860880+00:00
a217b9a3ab8774351966b14b06468d02,2026-08-09T11:35:00Z,Chongqing Tonglianglong FC,Shanghai SIPG FC,Chongqing Tonglianglong,Shanghai Port,2.97,3.34,2.33,pinnacle,h2h,us,2026-08-02T12:22:24Z,2026-08-02T12:22:41Z,open,22,scheduler open-window tick @ 2026-08-02T12:22:40.860880+00:00
a217b9a3ab8774351966b14b06468d02,2026-08-09T11:35:00Z,Chongqing Tonglianglong FC,Shanghai SIPG FC,Chongqing Tonglianglong,Shanghai Port,3.35,3.56,2.14,onexbet,h2h,us,2026-08-02T12:22:34Z,2026-08-02T12:22:41Z,open,22,scheduler open-window tick @ 2026-08-02T12:22:40.860880+00:00
3fe6c4b1cb3f27701e628190eeef6e57,2026-08-09T12:00:00Z,Shandong Luneng Taishan FC,Tianjin Jinmen Tiger FC,Shandong Taishan,Tianjin Jinmen Tiger,1.73,3.98,4.33,pinnacle,h2h,us,2026-08-02T13:26:45Z,2026-08-02T13:26:48Z,open,22,now-refresh fallback (open window missed)
3fe6c4b1cb3f27701e628190eeef6e57,2026-08-09T12:00:00Z,Shandong Luneng Taishan FC,Tianjin Jinmen Tiger FC,Shandong Taishan,Tianjin Jinmen Tiger,1.73,4.07,4.47,onexbet,h2h,us,2026-08-02T13:26:46Z,2026-08-02T13:26:48Z,open,22,now-refresh fallback (open window missed)
oddsapiio:68995314,2026-08-09T14:00:00Z,Shandong Taishan FC,Tianjin Jinmen Tiger,Shandong Taishan,Tianjin Jinmen Tiger,1.74,4.0,4.34,onexbet,h2h,oddsapiio,2026-08-02T12:39:07.12Z,2026-08-02T13:45:02Z,open,"22,23",odds-api.io first-seen 1xBet price @ 2026-08-02T13:45:02.143822+00:00
oddsapiio:68995330,2026-08-15T12:00:00Z,Shanghai Shenhua FC,Henan,Shanghai Shenhua,Henan Songshan Longmen,2.035,3.94,3.22,onexbet,h2h,oddsapiio,2026-07-28T11:17:41.867Z,2026-08-02T13:45:02Z,open,"22,23",odds-api.io first-seen 1xBet price @ 2026-08-02T13:45:02.143822+00:00
024cb3ba6a0bbbf93251f260f0e917c8,2026-08-07T11:35:00Z,Beijing FC,Shenzhen Peng City FC,Beijing Guoan,Shenzhen Xinpengcheng,1.46,5.11,6.07,pinnacle,h2h,us,2026-08-07T11:11:08Z,2026-08-07T11:11:11Z,close,22,pre-kickoff close tick @ 2026-08-07T11:11:10.846291+00:00
024cb3ba6a0bbbf93251f260f0e917c8,2026-08-07T11:35:00Z,Beijing FC,Shenzhen Peng City FC,Beijing Guoan,Shenzhen Xinpengcheng,1.51,5.3,6.2,betfair_ex_uk,h2h,us,2026-08-07T11:11:08Z,2026-08-07T11:11:11Z,close,22,pre-kickoff close tick @ 2026-08-07T11:11:10.846291+00:00
024cb3ba6a0bbbf93251f260f0e917c8,2026-08-07T11:35:00Z,Beijing FC,Shenzhen Peng City FC,Beijing Guoan,Shenzhen Xinpengcheng,1.51,5.3,6.2,betfair_ex_eu,h2h,us,2026-08-07T11:11:10Z,2026-08-07T11:11:11Z,close,22,pre-kickoff close tick @ 2026-08-07T11:11:10.846291+00:00
024cb3ba6a0bbbf93251f260f0e917c8,2026-08-07T11:35:00Z,Beijing FC,Shenzhen Peng City FC,Beijing Guoan,Shenzhen Xinpengcheng,1.51,5.3,6.2,matchbook,h2h,us,2026-08-07T11:11:09Z,2026-08-07T11:11:11Z,close,22,pre-kickoff close tick @ 2026-08-07T11:11:10.846291+00:00
79a6e12920ae70c4b48f9350dc61524e,2026-08-08T11:00:00Z,Qingdao Hainiu FC,Shanghai Shenhua FC,Qingdao Hainiu,Shanghai Shenhua,5.32,5.02,1.52,pinnacle,h2h,us,2026-08-08T10:15:46Z,2026-08-08T10:15:57Z,close,22,pre-kickoff close tick @ 2026-08-08T10:15:57.589798+00:00
79a6e12920ae70c4b48f9350dc61524e,2026-08-08T11:00:00Z,Qingdao Hainiu FC,Shanghai Shenhua FC,Qingdao Hainiu,Shanghai Shenhua,5.7,5.2,1.55,betfair_ex_uk,h2h,us,2026-08-08T10:15:46Z,2026-08-08T10:15:57Z,close,22,pre-kickoff close tick @ 2026-08-08T10:15:57.589798+00:00
79a6e12920ae70c4b48f9350dc61524e,2026-08-08T11:00:00Z,Qingdao Hainiu FC,Shanghai Shenhua FC,Qingdao Hainiu,Shanghai Shenhua,5.7,5.2,1.55,betfair_ex_eu,h2h,us,2026-08-08T10:15:48Z,2026-08-08T10:15:57Z,close,22,pre-kickoff close tick @ 2026-08-08T10:15:57.589798+00:00
79a6e12920ae70c4b48f9350dc61524e,2026-08-08T11:00:00Z,Qingdao Hainiu FC,Shanghai Shenhua FC,Qingdao Hainiu,Shanghai Shenhua,5.7,5.2,1.56,matchbook,h2h,us,2026-08-08T10:15:46Z,2026-08-08T10:15:57Z,close,22,pre-kickoff close tick @ 2026-08-08T10:15:57.589798+00:00
79a6e12920ae70c4b48f9350dc61524e,2026-08-08T11:00:00Z,Qingdao Hainiu FC,Shanghai Shenhua FC,Qingdao Hainiu,Shanghai Shenhua,4.71,4.7,1.62,pinnacle,h2h,us,2026-08-08T10:54:45Z,2026-08-08T10:54:55Z,close,22,pre-kickoff close tick @ 2026-08-08T10:54:55.098381+00:00
79a6e12920ae70c4b48f9350dc61524e,2026-08-08T11:00:00Z,Qingdao Hainiu FC,Shanghai Shenhua FC,Qingdao Hainiu,Shanghai Shenhua,5.2,4.9,1.63,betfair_ex_uk,h2h,us,2026-08-08T10:54:47Z,2026-08-08T10:54:55Z,close,22,pre-kickoff close tick @ 2026-08-08T10:54:55.098381+00:00
79a6e12920ae70c4b48f9350dc61524e,2026-08-08T11:00:00Z,Qingdao Hainiu FC,Shanghai Shenhua FC,Qingdao Hainiu,Shanghai Shenhua,5.2,4.9,1.63,betfair_ex_eu,h2h,us,2026-08-08T10:54:46Z,2026-08-08T10:54:55Z,close,22,pre-kickoff close tick @ 2026-08-08T10:54:55.098381+00:00
79a6e12920ae70c4b48f9350dc61524e,2026-08-08T11:00:00Z,Qingdao Hainiu FC,Shanghai Shenhua FC,Qingdao Hainiu,Shanghai Shenhua,5.2,4.9,1.63,matchbook,h2h,us,2026-08-08T10:54:38Z,2026-08-08T10:54:55Z,close,22,pre-kickoff close tick @ 2026-08-08T10:54:55.098381+00:00
778ee640a70044296959154e5011a877,2026-08-08T11:35:00Z,Dalian Yingbo,Liaoning Tieren FC,Dalian Yingbo,Liaoning Tieren,1.55,4.64,5.44,pinnacle,h2h,us,2026-08-08T10:54:45Z,2026-08-08T10:54:55Z,close,22,pre-kickoff close tick @ 2026-08-08T10:54:55.098381+00:00
778ee640a70044296959154e5011a877,2026-08-08T11:35:00Z,Dalian Yingbo,Liaoning Tieren FC,Dalian Yingbo,Liaoning Tieren,1.6,4.7,5.7,betfair_ex_eu,h2h,us,2026-08-08T10:54:46Z,2026-08-08T10:54:55Z,close,22,pre-kickoff close tick @ 2026-08-08T10:54:55.098381+00:00
778ee640a70044296959154e5011a877,2026-08-08T11:35:00Z,Dalian Yingbo,Liaoning Tieren FC,Dalian Yingbo,Liaoning Tieren,1.6,4.7,5.7,betfair_ex_uk,h2h,us,2026-08-08T10:54:47Z,2026-08-08T10:54:55Z,close,22,pre-kickoff close tick @ 2026-08-08T10:54:55.098381+00:00
778ee640a70044296959154e5011a877,2026-08-08T11:35:00Z,Dalian Yingbo,Liaoning Tieren FC,Dalian Yingbo,Liaoning Tieren,1.6,4.7,5.7,matchbook,h2h,us,2026-08-08T10:54:38Z,2026-08-08T10:54:55Z,close,22,pre-kickoff close tick @ 2026-08-08T10:54:55.098381+00:00
453ed6b200e1432c820826dbc336785a,2026-08-08T11:35:00Z,Zhejiang,Wuhan Three Towns,Zhejiang Professional,Wuhan Three Towns,1.71,4.34,4.37,pinnacle,h2h,us,2026-08-08T10:54:45Z,2026-08-08T10:54:55Z,close,22,pre-kickoff close tick @ 2026-08-08T10:54:55.098381+00:00
453ed6b200e1432c820826dbc336785a,2026-08-08T11:35:00Z,Zhejiang,Wuhan Three Towns,Zhejiang Professional,Wuhan Three Towns,1.74,4.5,4.5,betfair_ex_uk,h2h,us,2026-08-08T10:54:47Z,2026-08-08T10:54:55Z,close,22,pre-kickoff close tick @ 2026-08-08T10:54:55.098381+00:00
453ed6b200e1432c820826dbc336785a,2026-08-08T11:35:00Z,Zhejiang,Wuhan Three Towns,Zhejiang Professional,Wuhan Three Towns,1.74,4.5,4.5,betfair_ex_eu,h2h,us,2026-08-08T10:54:46Z,2026-08-08T10:54:55Z,close,22,pre-kickoff close tick @ 2026-08-08T10:54:55.098381+00:00
778ee640a70044296959154e5011a877,2026-08-08T11:35:00Z,Dalian Yingbo,Liaoning Tieren FC,Dalian Yingbo,Liaoning Tieren,1.53,4.67,5.69,pinnacle,h2h,us,2026-08-08T11:28:17Z,2026-08-08T11:28:20Z,close,22,pre-kickoff close tick @ 2026-08-08T11:28:20.725765+00:00
778ee640a70044296959154e5011a877,2026-08-08T11:35:00Z,Dalian Yingbo,Liaoning Tieren FC,Dalian Yingbo,Liaoning Tieren,1.59,4.8,5.8,betfair_ex_eu,h2h,us,2026-08-08T11:28:04Z,2026-08-08T11:28:20Z,close,22,pre-kickoff close tick @ 2026-08-08T11:28:20.725765+00:00
778ee640a70044296959154e5011a877,2026-08-08T11:35:00Z,Dalian Yingbo,Liaoning Tieren FC,Dalian Yingbo,Liaoning Tieren,1.59,4.8,5.8,betfair_ex_uk,h2h,us,2026-08-08T11:28:16Z,2026-08-08T11:28:20Z,close,22,pre-kickoff close tick @ 2026-08-08T11:28:20.725765+00:00
778ee640a70044296959154e5011a877,2026-08-08T11:35:00Z,Dalian Yingbo,Liaoning Tieren FC,Dalian Yingbo,Liaoning Tieren,1.59,4.8,5.8,matchbook,h2h,us,2026-08-08T11:28:15Z,2026-08-08T11:28:20Z,close,22,pre-kickoff close tick @ 2026-08-08T11:28:20.725765+00:00
453ed6b200e1432c820826dbc336785a,2026-08-08T11:35:00Z,Zhejiang,Wuhan Three Towns,Zhejiang Professional,Wuhan Three Towns,1.72,4.33,4.36,pinnacle,h2h,us,2026-08-08T11:28:17Z,2026-08-08T11:28:20Z,close,22,pre-kickoff close tick @ 2026-08-08T11:28:20.725765+00:00
453ed6b200e1432c820826dbc336785a,2026-08-08T11:35:00Z,Zhejiang,Wuhan Three Towns,Zhejiang Professional,Wuhan Three Towns,1.75,4.5,4.4,betfair_ex_uk,h2h,us,2026-08-08T11:28:16Z,2026-08-08T11:28:20Z,close,22,pre-kickoff close tick @ 2026-08-08T11:28:20.725765+00:00
453ed6b200e1432c820826dbc336785a,2026-08-08T11:35:00Z,Zhejiang,Wuhan Three Towns,Zhejiang Professional,Wuhan Three Towns,1.75,4.5,4.4,betfair_ex_eu,h2h,us,2026-08-08T11:28:04Z,2026-08-08T11:28:20Z,close,22,pre-kickoff close tick @ 2026-08-08T11:28:20.725765+00:00
e6706ba277f22cb0455e3952c3d540e8,2026-08-08T12:00:00Z,Yunnan Yukun,Chengdu Rongcheng FC,Yunnan Yukun,Chengdu Rongcheng,3.28,4.2,2.01,pinnacle,h2h,us,2026-08-08T11:28:17Z,2026-08-08T11:28:20Z,close,22,pre-kickoff close tick @ 2026-08-08T11:28:20.725765+00:00
e6706ba277f22cb0455e3952c3d540e8,2026-08-08T12:00:00Z,Yunnan Yukun,Chengdu Rongcheng FC,Yunnan Yukun,Chengdu Rongcheng,3.45,4.3,2.06,betfair_ex_uk,h2h,us,2026-08-08T11:28:16Z,2026-08-08T11:28:20Z,close,22,pre-kickoff close tick @ 2026-08-08T11:28:20.725765+00:00
e6706ba277f22cb0455e3952c3d540e8,2026-08-08T12:00:00Z,Yunnan Yukun,Chengdu Rongcheng FC,Yunnan Yukun,Chengdu Rongcheng,3.45,4.3,2.06,betfair_ex_eu,h2h,us,2026-08-08T11:28:04Z,2026-08-08T11:28:20Z,close,22,pre-kickoff close tick @ 2026-08-08T11:28:20.725765+00:00
e6706ba277f22cb0455e3952c3d540e8,2026-08-08T12:00:00Z,Yunnan Yukun,Chengdu Rongcheng FC,Yunnan Yukun,Chengdu Rongcheng,3.45,4.3,2.06,matchbook,h2h,us,2026-08-08T11:28:15Z,2026-08-08T11:28:20Z,close,22,pre-kickoff close tick @ 2026-08-08T11:28:20.725765+00:00
e6706ba277f22cb0455e3952c3d540e8,2026-08-08T12:00:00Z,Yunnan Yukun,Chengdu Rongcheng FC,Yunnan Yukun,Chengdu Rongcheng,3.39,4.23,1.96,pinnacle,h2h,us,2026-08-08T11:56:21Z,2026-08-08T11:56:21Z,close,22,pre-kickoff close tick @ 2026-08-08T11:56:21.595703+00:00
e6706ba277f22cb0455e3952c3d540e8,2026-08-08T12:00:00Z,Yunnan Yukun,Chengdu Rongcheng FC,Yunnan Yukun,Chengdu Rongcheng,3.55,4.2,2.0,betfair_ex_uk,h2h,us,2026-08-08T11:56:11Z,2026-08-08T11:56:21Z,close,22,pre-kickoff close tick @ 2026-08-08T11:56:21.595703+00:00
e6706ba277f22cb0455e3952c3d540e8,2026-08-08T12:00:00Z,Yunnan Yukun,Chengdu Rongcheng FC,Yunnan Yukun,Chengdu Rongcheng,3.55,4.2,2.0,betfair_ex_eu,h2h,us,2026-08-08T11:56:11Z,2026-08-08T11:56:21Z,close,22,pre-kickoff close tick @ 2026-08-08T11:56:21.595703+00:00
e6706ba277f22cb0455e3952c3d540e8,2026-08-08T12:00:00Z,Yunnan Yukun,Chengdu Rongcheng FC,Yunnan Yukun,Chengdu Rongcheng,3.55,4.3,2.0,matchbook,h2h,us,2026-08-08T11:56:11Z,2026-08-08T11:56:21Z,close,22,pre-kickoff close tick @ 2026-08-08T11:56:21.595703+00:00
1c9df8546b4d1d27e9e4006a3368cf70,2026-08-15T11:00:00Z,Liaoning Tieren FC,Shenzhen Peng City FC,Liaoning Tieren,Shenzhen Xinpengcheng,2.13,3.67,3.08,pinnacle,h2h,us,2026-08-08T12:47:53Z,2026-08-08T12:48:11Z,open,23,scheduler open-window tick @ 2026-08-08T12:48:10.903556+00:00
c93cd8c3c8cd1c43cae4f97eccb2fab0,2026-08-15T11:35:00Z,Zhejiang,Chengdu Rongcheng FC,Zhejiang Professional,Chengdu Rongcheng,3.04,3.66,2.16,pinnacle,h2h,us,2026-08-08T12:47:53Z,2026-08-08T12:48:11Z,open,23,scheduler open-window tick @ 2026-08-08T12:48:10.903556+00:00
5192ca6e7604fc0f0ec34d7afed13fa3,2026-08-15T12:00:00Z,Yunnan Yukun,Dalian Yingbo,Yunnan Yukun,Dalian Yingbo,2.3,3.67,2.78,pinnacle,h2h,us,2026-08-08T12:47:53Z,2026-08-08T12:48:11Z,open,23,scheduler open-window tick @ 2026-08-08T12:48:10.903556+00:00
oddsapiio:68995322,2026-08-15T11:00:00Z,Liaoning Tieren FC,Shenzhen Peng City,Liaoning Tieren,Shenzhen Xinpengcheng,2.152,3.72,3.12,onexbet,h2h,oddsapiio,2026-08-08T14:52:38.782Z,2026-08-08T15:27:49Z,open,23,odds-api.io first-seen 1xBet price @ 2026-08-08T15:27:48.874402+00:00
oddsapiio:68995326,2026-08-15T11:35:00Z,Zhejiang FC,Chengdu Rongcheng,Zhejiang Professional,Chengdu Rongcheng,3.035,3.88,2.144,onexbet,h2h,oddsapiio,2026-08-08T14:52:38.782Z,2026-08-08T15:27:49Z,open,23,odds-api.io first-seen 1xBet price @ 2026-08-08T15:27:48.874402+00:00
oddsapiio:68995328,2026-08-15T12:00:00Z,Yunnan Yukun,Dalian Yingbo FC,Yunnan Yukun,Dalian Yingbo,2.12,3.8,3.136,onexbet,h2h,oddsapiio,2026-08-08T14:52:38.782Z,2026-08-08T15:27:49Z,open,23,odds-api.io first-seen 1xBet price @ 2026-08-08T15:27:48.874402+00:00
oddsapiio:68995322,2026-08-15T11:00:00Z,Liaoning Tieren FC,Shenzhen Peng City,Liaoning Tieren,Shenzhen Xinpengcheng,2.22,3.95,3.05,duel,h2h,oddsapiio,2026-08-08T12:07:44.391Z,2026-08-08T18:26:19Z,open,"22,23",odds-api.io first-seen open price @ 2026-08-08T18:26:18.835710+00:00
oddsapiio:68995326,2026-08-15T11:35:00Z,Zhejiang FC,Chengdu Rongcheng,Zhejiang Professional,Chengdu Rongcheng,2.96,4.1,2.22,duel,h2h,oddsapiio,2026-08-08T13:50:20.808Z,2026-08-08T18:26:19Z,open,"22,23",odds-api.io first-seen open price @ 2026-08-08T18:26:18.835710+00:00
oddsapiio:68995310,2026-08-09T11:00:00Z,Henan,Qingdao West Coast FC,Henan Songshan Longmen,Qingdao West Coast,1.59,4.2,6.2,duel,h2h,oddsapiio,2026-08-08T18:07:12.087Z,2026-08-08T18:26:19Z,open,"22,23",odds-api.io first-seen open price @ 2026-08-08T18:26:18.835710+00:00
oddsapiio:68995312,2026-08-09T11:35:00Z,Chongqing Tonglianglong FC,Shanghai Port FC,Chongqing Tonglianglong,Shanghai Port,3.35,3.6,2.18,duel,h2h,oddsapiio,2026-08-08T17:27:57.635Z,2026-08-08T18:26:19Z,open,"22,23",odds-api.io first-seen open price @ 2026-08-08T18:26:18.835710+00:00
oddsapiio:68995314,2026-08-09T12:00:00Z,Shandong Taishan FC,Tianjin Jinmen Tiger,Shandong Taishan,Tianjin Jinmen Tiger,1.77,4.0,4.6,duel,h2h,oddsapiio,2026-08-08T17:49:34.344Z,2026-08-08T18:26:19Z,open,"22,23",odds-api.io first-seen open price @ 2026-08-08T18:26:18.835710+00:00
oddsapiio:68995328,2026-08-15T12:00:00Z,Yunnan Yukun,Dalian Yingbo FC,Yunnan Yukun,Dalian Yingbo,2.24,4.0,2.98,duel,h2h,oddsapiio,2026-08-08T14:09:26.904Z,2026-08-08T18:31:58Z,open,23,odds-api.io first-seen open price @ 2026-08-08T18:31:57.939922+00:00
9432d83cf4349c2db8558380add51dee,2026-08-09T11:00:00Z,Henan FC,Qingdao West Coast FC,Henan Songshan Longmen,Qingdao West Coast,1.57,4.03,6.21,pinnacle,h2h,us,2026-08-09T10:18:25Z,2026-08-09T10:18:25Z,close,22,pre-kickoff close tick @ 2026-08-09T10:18:25.501799+00:00
9432d83cf4349c2db8558380add51dee,2026-08-09T11:00:00Z,Henan FC,Qingdao West Coast FC,Henan Songshan Longmen,Qingdao West Coast,1.6,4.3,6.4,betfair_ex_uk,h2h,us,2026-08-09T10:18:16Z,2026-08-09T10:18:25Z,close,22,pre-kickoff close tick @ 2026-08-09T10:18:25.501799+00:00
9432d83cf4349c2db8558380add51dee,2026-08-09T11:00:00Z,Henan FC,Qingdao West Coast FC,Henan Songshan Longmen,Qingdao West Coast,1.61,4.3,6.4,betfair_ex_eu,h2h,us,2026-08-09T10:18:05Z,2026-08-09T10:18:25Z,close,22,pre-kickoff close tick @ 2026-08-09T10:18:25.501799+00:00
9432d83cf4349c2db8558380add51dee,2026-08-09T11:00:00Z,Henan FC,Qingdao West Coast FC,Henan Songshan Longmen,Qingdao West Coast,1.62,4.3,6.4,matchbook,h2h,us,2026-08-09T10:18:15Z,2026-08-09T10:18:25Z,close,22,pre-kickoff close tick @ 2026-08-09T10:18:25.501799+00:00
9432d83cf4349c2db8558380add51dee,2026-08-09T11:00:00Z,Henan FC,Qingdao West Coast FC,Henan Songshan Longmen,Qingdao West Coast,1.57,4.04,6.31,pinnacle,h2h,us,2026-08-09T10:57:22Z,2026-08-09T10:57:25Z,close,22,pre-kickoff close tick @ 2026-08-09T10:57:25.448391+00:00
9432d83cf4349c2db8558380add51dee,2026-08-09T11:00:00Z,Henan FC,Qingdao West Coast FC,Henan Songshan Longmen,Qingdao West Coast,1.66,4.1,6.2,betfair_ex_uk,h2h,us,2026-08-09T10:57:23Z,2026-08-09T10:57:25Z,close,22,pre-kickoff close tick @ 2026-08-09T10:57:25.448391+00:00
9432d83cf4349c2db8558380add51dee,2026-08-09T11:00:00Z,Henan FC,Qingdao West Coast FC,Henan Songshan Longmen,Qingdao West Coast,1.65,4.1,6.2,betfair_ex_eu,h2h,us,2026-08-09T10:57:13Z,2026-08-09T10:57:25Z,close,22,pre-kickoff close tick @ 2026-08-09T10:57:25.448391+00:00
9432d83cf4349c2db8558380add51dee,2026-08-09T11:00:00Z,Henan FC,Qingdao West Coast FC,Henan Songshan Longmen,Qingdao West Coast,1.65,4.1,6.2,matchbook,h2h,us,2026-08-09T10:57:24Z,2026-08-09T10:57:25Z,close,22,pre-kickoff close tick @ 2026-08-09T10:57:25.448391+00:00
a217b9a3ab8774351966b14b06468d02,2026-08-09T11:35:00Z,Chongqing Tonglianglong FC,Shanghai SIPG FC,Chongqing Tonglianglong,Shanghai Port,3.32,3.61,2.17,pinnacle,h2h,us,2026-08-09T10:57:22Z,2026-08-09T10:57:25Z,close,22,pre-kickoff close tick @ 2026-08-09T10:57:25.448391+00:00
a217b9a3ab8774351966b14b06468d02,2026-08-09T11:35:00Z,Chongqing Tonglianglong FC,Shanghai SIPG FC,Chongqing Tonglianglong,Shanghai Port,3.35,3.65,2.26,betfair_ex_uk,h2h,us,2026-08-09T10:57:23Z,2026-08-09T10:57:25Z,close,22,pre-kickoff close tick @ 2026-08-09T10:57:25.448391+00:00
a217b9a3ab8774351966b14b06468d02,2026-08-09T11:35:00Z,Chongqing Tonglianglong FC,Shanghai SIPG FC,Chongqing Tonglianglong,Shanghai Port,3.35,3.65,2.26,betfair_ex_eu,h2h,us,2026-08-09T10:57:13Z,2026-08-09T10:57:25Z,close,22,pre-kickoff close tick @ 2026-08-09T10:57:25.448391+00:00
a217b9a3ab8774351966b14b06468d02,2026-08-09T11:35:00Z,Chongqing Tonglianglong FC,Shanghai SIPG FC,Chongqing Tonglianglong,Shanghai Port,3.35,3.7,2.26,matchbook,h2h,us,2026-08-09T10:57:24Z,2026-08-09T10:57:25Z,close,22,pre-kickoff close tick @ 2026-08-09T10:57:25.448391+00:00
a217b9a3ab8774351966b14b06468d02,2026-08-09T11:35:00Z,Chongqing Tonglianglong FC,Shanghai SIPG FC,Chongqing Tonglianglong,Shanghai Port,3.24,3.37,2.31,pinnacle,h2h,us,2026-08-09T11:32:21Z,2026-08-09T11:32:31Z,close,22,pre-kickoff close tick @ 2026-08-09T11:32:30.983842+00:00
a217b9a3ab8774351966b14b06468d02,2026-08-09T11:35:00Z,Chongqing Tonglianglong FC,Shanghai SIPG FC,Chongqing Tonglianglong,Shanghai Port,3.35,3.6,2.3,betfair_ex_uk,h2h,us,2026-08-09T11:32:10Z,2026-08-09T11:32:31Z,close,22,pre-kickoff close tick @ 2026-08-09T11:32:30.983842+00:00
a217b9a3ab8774351966b14b06468d02,2026-08-09T11:35:00Z,Chongqing Tonglianglong FC,Shanghai SIPG FC,Chongqing Tonglianglong,Shanghai Port,3.35,3.6,2.3,betfair_ex_eu,h2h,us,2026-08-09T11:32:31Z,2026-08-09T11:32:31Z,close,22,pre-kickoff close tick @ 2026-08-09T11:32:30.983842+00:00
a217b9a3ab8774351966b14b06468d02,2026-08-09T11:35:00Z,Chongqing Tonglianglong FC,Shanghai SIPG FC,Chongqing Tonglianglong,Shanghai Port,3.4,3.6,2.26,matchbook,h2h,us,2026-08-09T11:32:11Z,2026-08-09T11:32:31Z,close,22,pre-kickoff close tick @ 2026-08-09T11:32:30.983842+00:00
3fe6c4b1cb3f27701e628190eeef6e57,2026-08-09T12:00:00Z,Shandong Luneng Taishan FC,Tianjin Jinmen Tiger FC,Shandong Taishan,Tianjin Jinmen Tiger,2.27,3.72,3.03,pinnacle,h2h,us,2026-08-09T11:32:21Z,2026-08-09T11:32:31Z,close,22,pre-kickoff close tick @ 2026-08-09T11:32:30.983842+00:00
3fe6c4b1cb3f27701e628190eeef6e57,2026-08-09T12:00:00Z,Shandong Luneng Taishan FC,Tianjin Jinmen Tiger FC,Shandong Taishan,Tianjin Jinmen Tiger,2.28,3.9,3.2,betfair_ex_uk,h2h,us,2026-08-09T11:32:10Z,2026-08-09T11:32:31Z,close,22,pre-kickoff close tick @ 2026-08-09T11:32:30.983842+00:00
3fe6c4b1cb3f27701e628190eeef6e57,2026-08-09T12:00:00Z,Shandong Luneng Taishan FC,Tianjin Jinmen Tiger FC,Shandong Taishan,Tianjin Jinmen Tiger,2.28,3.9,3.2,betfair_ex_eu,h2h,us,2026-08-09T11:32:31Z,2026-08-09T11:32:31Z,close,22,pre-kickoff close tick @ 2026-08-09T11:32:30.983842+00:00
3fe6c4b1cb3f27701e628190eeef6e57,2026-08-09T12:00:00Z,Shandong Luneng Taishan FC,Tianjin Jinmen Tiger FC,Shandong Taishan,Tianjin Jinmen Tiger,2.28,3.9,3.2,matchbook,h2h,us,2026-08-09T11:32:11Z,2026-08-09T11:32:31Z,close,22,pre-kickoff close tick @ 2026-08-09T11:32:30.983842+00:00
oddsapiio:68995318,2026-08-14T11:35:00Z,Wuhan Three Towns FC,Shanghai Port FC,Wuhan Three Towns,Shanghai Port,3.13,3.62,2.18,onexbet,h2h,oddsapiio,2026-08-09T11:54:51.168Z,2026-08-09T11:59:43Z,open,23,odds-api.io first-seen open price @ 2026-08-09T11:59:42.663941+00:00
oddsapiio:68995318,2026-08-14T11:35:00Z,Wuhan Three Towns FC,Shanghai Port FC,Wuhan Three Towns,Shanghai Port,3.4,3.7,2.14,duel,h2h,oddsapiio,2026-08-09T11:54:21.058Z,2026-08-09T11:59:43Z,open,23,odds-api.io first-seen open price @ 2026-08-09T11:59:42.663941+00:00
oddsapiio:68995320,2026-08-14T12:00:00Z,Qingdao West Coast FC,Chongqing Tonglianglong FC,Qingdao West Coast,Chongqing Tonglianglong,2.08,3.34,3.64,onexbet,h2h,oddsapiio,2026-08-09T11:57:07.179Z,2026-08-09T11:59:43Z,open,23,odds-api.io first-seen open price @ 2026-08-09T11:59:42.663941+00:00
oddsapiio:68995320,2026-08-14T12:00:00Z,Qingdao West Coast FC,Chongqing Tonglianglong FC,Qingdao West Coast,Chongqing Tonglianglong,2.12,3.4,3.75,duel,h2h,oddsapiio,2026-08-09T11:54:21.058Z,2026-08-09T11:59:43Z,open,23,odds-api.io first-seen open price @ 2026-08-09T11:59:42.663941+00:00
5ff929be5af784b70efe4d5cd0b9cd84,2026-08-14T11:35:00Z,Wuhan Three Towns,Shanghai SIPG FC,Wuhan Three Towns,Shanghai Port,3.18,3.59,2.11,pinnacle,h2h,us,2026-08-09T12:00:08Z,2026-08-09T12:00:09Z,open,23,scheduler open-window tick @ 2026-08-09T12:00:09.141476+00:00
0408c1945aa5ddf86ced02f2e33bbcb7,2026-08-14T12:00:00Z,Qingdao West Coast FC,Chongqing Tonglianglong FC,Qingdao West Coast,Chongqing Tonglianglong,2.07,3.3,3.57,pinnacle,h2h,us,2026-08-09T12:00:08Z,2026-08-09T12:00:09Z,open,23,scheduler open-window tick @ 2026-08-09T12:00:09.141476+00:00
oddsapiio:68995324,2026-08-15T11:35:00Z,Tianjin Jinmen Tiger,Beijing Guoan,Tianjin Jinmen Tiger,Beijing Guoan,3.75,3.75,2.02,duel,h2h,oddsapiio,2026-08-09T12:19:27.654Z,2026-08-09T12:26:04Z,open,23,odds-api.io first-seen open price @ 2026-08-09T12:26:04.642506+00:00
oddsapiio:68995316,2026-08-14T11:35:00Z,Shandong Taishan FC,Qingdao Hainiu FC,Shandong Taishan,Qingdao Hainiu,1.432,5.1,6.2,onexbet,h2h,oddsapiio,2026-08-09T12:58:22.173Z,2026-08-09T13:05:10Z,open,23,odds-api.io first-seen open price @ 2026-08-09T13:05:10.043057+00:00
oddsapiio:68995316,2026-08-14T11:35:00Z,Shandong Taishan FC,Qingdao Hainiu FC,Shandong Taishan,Qingdao Hainiu,1.45,5.4,6.4,duel,h2h,oddsapiio,2026-08-09T12:28:30.09Z,2026-08-09T13:05:10Z,open,23,odds-api.io first-seen open price @ 2026-08-09T13:05:10.043057+00:00
oddsapiio:68995324,2026-08-15T11:35:00Z,Tianjin Jinmen Tiger,Beijing Guoan,Tianjin Jinmen Tiger,Beijing Guoan,3.62,3.64,1.984,onexbet,h2h,oddsapiio,2026-08-09T12:58:22.173Z,2026-08-09T13:05:10Z,open,23,odds-api.io first-seen open price @ 2026-08-09T13:05:10.043057+00:00
bd2eb77d563022b1b9f3a1cc4e0669f6,2026-08-14T11:35:00Z,Shandong Luneng Taishan FC,Qingdao Hainiu FC,Shandong Taishan,Qingdao Hainiu,1.41,5.09,5.92,pinnacle,h2h,us,2026-08-09T13:05:36Z,2026-08-09T13:05:38Z,open,23,scheduler open-window tick @ 2026-08-09T13:05:38.294645+00:00
f260949fec2fc45e0cbe39656c3c4cc1,2026-08-15T11:35:00Z,Tianjin Jinmen Tiger FC,Beijing FC,Tianjin Jinmen Tiger,Beijing Guoan,3.57,3.55,1.97,pinnacle,h2h,us,2026-08-09T13:05:36Z,2026-08-09T13:05:38Z,open,23,scheduler open-window tick @ 2026-08-09T13:05:38.294645+00:00
oddsapiio:68995330,2026-08-15T12:00:00Z,Shanghai Shenhua FC,Henan,Shanghai Shenhua,Henan Songshan Longmen,1.92,4.2,3.7,duel,h2h,oddsapiio,2026-08-10T07:08:37.177Z,2026-08-10T08:00:22Z,open,23,odds-api.io first-seen open price @ 2026-08-10T08:00:22.029735+00:00
fa9816054c966474eb75a32a679c6cb1,2026-08-15T12:00:00Z,Shanghai Shenhua FC,Henan FC,Shanghai Shenhua,Henan Songshan Longmen,1.88,4.04,3.61,pinnacle,h2h,us,2026-08-10T09:51:01Z,2026-08-10T09:51:19Z,open,23,now-refresh fallback (open window missed)
bd2eb77d563022b1b9f3a1cc4e0669f6,2026-08-14T11:35:00Z,Shandong Luneng Taishan FC,Qingdao Hainiu FC,Shandong Taishan,Qingdao Hainiu,1.3,6.27,8.09,pinnacle,h2h,us,2026-08-14T10:37:49Z,2026-08-14T10:37:52Z,close,23,pre-kickoff close tick @ 2026-08-14T10:37:52.237803+00:00
bd2eb77d563022b1b9f3a1cc4e0669f6,2026-08-14T11:35:00Z,Shandong Luneng Taishan FC,Qingdao Hainiu FC,Shandong Taishan,Qingdao Hainiu,1.34,6.4,9.2,betfair_ex_uk,h2h,us,2026-08-14T10:37:50Z,2026-08-14T10:37:52Z,close,23,pre-kickoff close tick @ 2026-08-14T10:37:52.237803+00:00
bd2eb77d563022b1b9f3a1cc4e0669f6,2026-08-14T11:35:00Z,Shandong Luneng Taishan FC,Qingdao Hainiu FC,Shandong Taishan,Qingdao Hainiu,1.34,6.4,9.2,betfair_ex_eu,h2h,us,2026-08-14T10:37:49Z,2026-08-14T10:37:52Z,close,23,pre-kickoff close tick @ 2026-08-14T10:37:52.237803+00:00
bd2eb77d563022b1b9f3a1cc4e0669f6,2026-08-14T11:35:00Z,Shandong Luneng Taishan FC,Qingdao Hainiu FC,Shandong Taishan,Qingdao Hainiu,1.34,6.4,9.2,matchbook,h2h,us,2026-08-14T10:37:50Z,2026-08-14T10:37:52Z,close,23,pre-kickoff close tick @ 2026-08-14T10:37:52.237803+00:00
5ff929be5af784b70efe4d5cd0b9cd84,2026-08-14T11:35:00Z,Wuhan Three Towns,Shanghai SIPG FC,Wuhan Three Towns,Shanghai Port,2.9,3.83,2.31,pinnacle,h2h,us,2026-08-14T10:37:49Z,2026-08-14T10:37:52Z,close,23,pre-kickoff close tick @ 2026-08-14T10:37:52.237803+00:00
5ff929be5af784b70efe4d5cd0b9cd84,2026-08-14T11:35:00Z,Wuhan Three Towns,Shanghai SIPG FC,Wuhan Three Towns,Shanghai Port,2.98,3.85,2.36,betfair_ex_uk,h2h,us,2026-08-14T10:37:50Z,2026-08-14T10:37:52Z,close,23,pre-kickoff close tick @ 2026-08-14T10:37:52.237803+00:00
5ff929be5af784b70efe4d5cd0b9cd84,2026-08-14T11:35:00Z,Wuhan Three Towns,Shanghai SIPG FC,Wuhan Three Towns,Shanghai Port,2.98,3.85,2.36,betfair_ex_eu,h2h,us,2026-08-14T10:37:49Z,2026-08-14T10:37:52Z,close,23,pre-kickoff close tick @ 2026-08-14T10:37:52.237803+00:00
5ff929be5af784b70efe4d5cd0b9cd84,2026-08-14T11:35:00Z,Wuhan Three Towns,Shanghai SIPG FC,Wuhan Three Towns,Shanghai Port,2.98,3.9,2.36,matchbook,h2h,us,2026-08-14T10:37:50Z,2026-08-14T10:37:52Z,close,23,pre-kickoff close tick @ 2026-08-14T10:37:52.237803+00:00
bd2eb77d563022b1b9f3a1cc4e0669f6,2026-08-14T11:35:00Z,Shandong Luneng Taishan FC,Qingdao Hainiu FC,Shandong Taishan,Qingdao Hainiu,1.28,6.6,8.57,pinnacle,h2h,us,2026-08-14T11:26:10Z,2026-08-14T11:26:23Z,close,23,pre-kickoff close tick @ 2026-08-14T11:26:22.992598+00:00
bd2eb77d563022b1b9f3a1cc4e0669f6,2026-08-14T11:35:00Z,Shandong Luneng Taishan FC,Qingdao Hainiu FC,Shandong Taishan,Qingdao Hainiu,1.31,7.0,10.0,betfair_ex_uk,h2h,us,2026-08-14T11:26:10Z,2026-08-14T11:26:23Z,close,23,pre-kickoff close tick @ 2026-08-14T11:26:22.992598+00:00
bd2eb77d563022b1b9f3a1cc4e0669f6,2026-08-14T11:35:00Z,Shandong Luneng Taishan FC,Qingdao Hainiu FC,Shandong Taishan,Qingdao Hainiu,1.31,7.0,10.0,betfair_ex_eu,h2h,us,2026-08-14T11:26:12Z,2026-08-14T11:26:23Z,close,23,pre-kickoff close tick @ 2026-08-14T11:26:22.992598+00:00
bd2eb77d563022b1b9f3a1cc4e0669f6,2026-08-14T11:35:00Z,Shandong Luneng Taishan FC,Qingdao Hainiu FC,Shandong Taishan,Qingdao Hainiu,1.31,7.0,10.5,matchbook,h2h,us,2026-08-14T11:26:10Z,2026-08-14T11:26:23Z,close,23,pre-kickoff close tick @ 2026-08-14T11:26:22.992598+00:00
5ff929be5af784b70efe4d5cd0b9cd84,2026-08-14T11:35:00Z,Wuhan Three Towns,Shanghai SIPG FC,Wuhan Three Towns,Shanghai Port,2.78,3.55,2.52,pinnacle,h2h,us,2026-08-14T11:26:10Z,2026-08-14T11:26:23Z,close,23,pre-kickoff close tick @ 2026-08-14T11:26:22.992598+00:00
5ff929be5af784b70efe4d5cd0b9cd84,2026-08-14T11:35:00Z,Wuhan Three Towns,Shanghai SIPG FC,Wuhan Three Towns,Shanghai Port,2.8,3.7,2.58,betfair_ex_uk,h2h,us,2026-08-14T11:26:10Z,2026-08-14T11:26:23Z,close,23,pre-kickoff close tick @ 2026-08-14T11:26:22.992598+00:00
5ff929be5af784b70efe4d5cd0b9cd84,2026-08-14T11:35:00Z,Wuhan Three Towns,Shanghai SIPG FC,Wuhan Three Towns,Shanghai Port,2.8,3.7,2.58,betfair_ex_eu,h2h,us,2026-08-14T11:26:12Z,2026-08-14T11:26:23Z,close,23,pre-kickoff close tick @ 2026-08-14T11:26:22.992598+00:00
5ff929be5af784b70efe4d5cd0b9cd84,2026-08-14T11:35:00Z,Wuhan Three Towns,Shanghai SIPG FC,Wuhan Three Towns,Shanghai Port,2.8,3.75,2.58,matchbook,h2h,us,2026-08-14T11:26:10Z,2026-08-14T11:26:23Z,close,23,pre-kickoff close tick @ 2026-08-14T11:26:22.992598+00:00
0408c1945aa5ddf86ced02f2e33bbcb7,2026-08-14T12:00:00Z,Qingdao West Coast FC,Chongqing Tonglianglong FC,Qingdao West Coast,Chongqing Tonglianglong,2.05,3.16,4.22,pinnacle,h2h,us,2026-08-14T11:26:10Z,2026-08-14T11:26:23Z,close,23,pre-kickoff close tick @ 2026-08-14T11:26:22.992598+00:00
0408c1945aa5ddf86ced02f2e33bbcb7,2026-08-14T12:00:00Z,Qingdao West Coast FC,Chongqing Tonglianglong FC,Qingdao West Coast,Chongqing Tonglianglong,2.1,3.3,4.4,betfair_ex_eu,h2h,us,2026-08-14T11:26:12Z,2026-08-14T11:26:23Z,close,23,pre-kickoff close tick @ 2026-08-14T11:26:22.992598+00:00
0408c1945aa5ddf86ced02f2e33bbcb7,2026-08-14T12:00:00Z,Qingdao West Coast FC,Chongqing Tonglianglong FC,Qingdao West Coast,Chongqing Tonglianglong,2.1,3.25,4.4,betfair_ex_uk,h2h,us,2026-08-14T11:26:10Z,2026-08-14T11:26:23Z,close,23,pre-kickoff close tick @ 2026-08-14T11:26:22.992598+00:00
0408c1945aa5ddf86ced02f2e33bbcb7,2026-08-14T12:00:00Z,Qingdao West Coast FC,Chongqing Tonglianglong FC,Qingdao West Coast,Chongqing Tonglianglong,2.12,3.25,4.4,matchbook,h2h,us,2026-08-14T11:26:10Z,2026-08-14T11:26:23Z,close,23,pre-kickoff close tick @ 2026-08-14T11:26:22.992598+00:00
1c9df8546b4d1d27e9e4006a3368cf70,2026-08-15T11:00:00Z,Liaoning Tieren FC,Shenzhen Peng City FC,Liaoning Tieren,Shenzhen Xinpengcheng,2.26,3.8,3.0,pinnacle,h2h,us,2026-08-15T10:08:47Z,2026-08-15T10:09:03Z,close,23,pre-kickoff close tick @ 2026-08-15T10:09:02.891278+00:00
1c9df8546b4d1d27e9e4006a3368cf70,2026-08-15T11:00:00Z,Liaoning Tieren FC,Shenzhen Peng City FC,Liaoning Tieren,Shenzhen Xinpengcheng,2.32,3.85,3.05,betfair_ex_uk,h2h,us,2026-08-15T10:08:49Z,2026-08-15T10:09:03Z,close,23,pre-kickoff close tick @ 2026-08-15T10:09:02.891278+00:00
1c9df8546b4d1d27e9e4006a3368cf70,2026-08-15T11:00:00Z,Liaoning Tieren FC,Shenzhen Peng City FC,Liaoning Tieren,Shenzhen Xinpengcheng,2.32,3.85,3.05,betfair_ex_eu,h2h,us,2026-08-15T10:08:48Z,2026-08-15T10:09:03Z,close,23,pre-kickoff close tick @ 2026-08-15T10:09:02.891278+00:00
1c9df8546b4d1d27e9e4006a3368cf70,2026-08-15T11:00:00Z,Liaoning Tieren FC,Shenzhen Peng City FC,Liaoning Tieren,Shenzhen Xinpengcheng,2.32,3.9,3.05,matchbook,h2h,us,2026-08-15T10:08:46Z,2026-08-15T10:09:03Z,close,23,pre-kickoff close tick @ 2026-08-15T10:09:02.891278+00:00
1c9df8546b4d1d27e9e4006a3368cf70,2026-08-15T11:00:00Z,Liaoning Tieren FC,Shenzhen Peng City FC,Liaoning Tieren,Shenzhen Xinpengcheng,2.29,3.79,2.95,pinnacle,h2h,us,2026-08-15T10:37:38Z,2026-08-15T10:37:46Z,close,23,pre-kickoff close tick @ 2026-08-15T10:37:46.806106+00:00
1c9df8546b4d1d27e9e4006a3368cf70,2026-08-15T11:00:00Z,Liaoning Tieren FC,Shenzhen Peng City FC,Liaoning Tieren,Shenzhen Xinpengcheng,2.32,3.85,3.1,betfair_ex_uk,h2h,us,2026-08-15T10:37:38Z,2026-08-15T10:37:46Z,close,23,pre-kickoff close tick @ 2026-08-15T10:37:46.806106+00:00
1c9df8546b4d1d27e9e4006a3368cf70,2026-08-15T11:00:00Z,Liaoning Tieren FC,Shenzhen Peng City FC,Liaoning Tieren,Shenzhen Xinpengcheng,2.3,3.85,3.1,betfair_ex_eu,h2h,us,2026-08-15T10:37:39Z,2026-08-15T10:37:46Z,close,23,pre-kickoff close tick @ 2026-08-15T10:37:46.806106+00:00
1c9df8546b4d1d27e9e4006a3368cf70,2026-08-15T11:00:00Z,Liaoning Tieren FC,Shenzhen Peng City FC,Liaoning Tieren,Shenzhen Xinpengcheng,2.32,3.8,3.1,matchbook,h2h,us,2026-08-15T10:37:38Z,2026-08-15T10:37:46Z,close,23,pre-kickoff close tick @ 2026-08-15T10:37:46.806106+00:00
f260949fec2fc45e0cbe39656c3c4cc1,2026-08-15T11:35:00Z,Tianjin Jinmen Tiger FC,Beijing FC,Tianjin Jinmen Tiger,Beijing Guoan,2.69,3.64,2.55,pinnacle,h2h,us,2026-08-15T10:37:38Z,2026-08-15T10:37:46Z,close,23,pre-kickoff close tick @ 2026-08-15T10:37:46.806106+00:00
f260949fec2fc45e0cbe39656c3c4cc1,2026-08-15T11:35:00Z,Tianjin Jinmen Tiger FC,Beijing FC,Tianjin Jinmen Tiger,Beijing Guoan,2.74,3.7,2.6,betfair_ex_eu,h2h,us,2026-08-15T10:37:39Z,2026-08-15T10:37:46Z,close,23,pre-kickoff close tick @ 2026-08-15T10:37:46.806106+00:00
f260949fec2fc45e0cbe39656c3c4cc1,2026-08-15T11:35:00Z,Tianjin Jinmen Tiger FC,Beijing FC,Tianjin Jinmen Tiger,Beijing Guoan,2.74,3.7,2.6,betfair_ex_uk,h2h,us,2026-08-15T10:37:38Z,2026-08-15T10:37:46Z,close,23,pre-kickoff close tick @ 2026-08-15T10:37:46.806106+00:00
f260949fec2fc45e0cbe39656c3c4cc1,2026-08-15T11:35:00Z,Tianjin Jinmen Tiger FC,Beijing FC,Tianjin Jinmen Tiger,Beijing Guoan,2.74,3.7,2.6,matchbook,h2h,us,2026-08-15T10:37:38Z,2026-08-15T10:37:46Z,close,23,pre-kickoff close tick @ 2026-08-15T10:37:46.806106+00:00
c93cd8c3c8cd1c43cae4f97eccb2fab0,2026-08-15T11:35:00Z,Zhejiang,Chengdu Rongcheng FC,Zhejiang Professional,Chengdu Rongcheng,3.15,4.0,2.11,pinnacle,h2h,us,2026-08-15T10:37:38Z,2026-08-15T10:37:46Z,close,23,pre-kickoff close tick @ 2026-08-15T10:37:46.806106+00:00
c93cd8c3c8cd1c43cae4f97eccb2fab0,2026-08-15T11:35:00Z,Zhejiang,Chengdu Rongcheng FC,Zhejiang Professional,Chengdu Rongcheng,3.05,4.1,2.22,betfair_ex_uk,h2h,us,2026-08-15T10:37:38Z,2026-08-15T10:37:46Z,close,23,pre-kickoff close tick @ 2026-08-15T10:37:46.806106+00:00
c93cd8c3c8cd1c43cae4f97eccb2fab0,2026-08-15T11:35:00Z,Zhejiang,Chengdu Rongcheng FC,Zhejiang Professional,Chengdu Rongcheng,3.05,4.1,2.22,betfair_ex_eu,h2h,us,2026-08-15T10:37:39Z,2026-08-15T10:37:46Z,close,23,pre-kickoff close tick @ 2026-08-15T10:37:46.806106+00:00
c93cd8c3c8cd1c43cae4f97eccb2fab0,2026-08-15T11:35:00Z,Zhejiang,Chengdu Rongcheng FC,Zhejiang Professional,Chengdu Rongcheng,3.1,4.1,2.22,matchbook,h2h,us,2026-08-15T10:37:38Z,2026-08-15T10:37:46Z,close,23,pre-kickoff close tick @ 2026-08-15T10:37:46.806106+00:00
1c9df8546b4d1d27e9e4006a3368cf70,2026-08-15T11:00:00Z,Liaoning Tieren FC,Shenzhen Peng City FC,Liaoning Tieren,Shenzhen Xinpengcheng,2.28,3.56,3.13,pinnacle,h2h,us,2026-08-15T10:56:58Z,2026-08-15T10:57:15Z,close,23,pre-kickoff close tick @ 2026-08-15T10:57:15.789161+00:00
1c9df8546b4d1d27e9e4006a3368cf70,2026-08-15T11:00:00Z,Liaoning Tieren FC,Shenzhen Peng City FC,Liaoning Tieren,Shenzhen Xinpengcheng,2.32,3.7,3.2,betfair_ex_uk,h2h,us,2026-08-15T10:56:59Z,2026-08-15T10:57:15Z,close,23,pre-kickoff close tick @ 2026-08-15T10:57:15.789161+00:00
1c9df8546b4d1d27e9e4006a3368cf70,2026-08-15T11:00:00Z,Liaoning Tieren FC,Shenzhen Peng City FC,Liaoning Tieren,Shenzhen Xinpengcheng,2.32,3.7,3.2,betfair_ex_eu,h2h,us,2026-08-15T10:56:59Z,2026-08-15T10:57:15Z,close,23,pre-kickoff close tick @ 2026-08-15T10:57:15.789161+00:00
1c9df8546b4d1d27e9e4006a3368cf70,2026-08-15T11:00:00Z,Liaoning Tieren FC,Shenzhen Peng City FC,Liaoning Tieren,Shenzhen Xinpengcheng,2.34,3.7,3.2,matchbook,h2h,us,2026-08-15T10:56:58Z,2026-08-15T10:57:15Z,close,23,pre-kickoff close tick @ 2026-08-15T10:57:15.789161+00:00
f260949fec2fc45e0cbe39656c3c4cc1,2026-08-15T11:35:00Z,Tianjin Jinmen Tiger FC,Beijing FC,Tianjin Jinmen Tiger,Beijing Guoan,2.65,3.63,2.59,pinnacle,h2h,us,2026-08-15T10:56:58Z,2026-08-15T10:57:15Z,close,23,pre-kickoff close tick @ 2026-08-15T10:57:15.789161+00:00
f260949fec2fc45e0cbe39656c3c4cc1,2026-08-15T11:35:00Z,Tianjin Jinmen Tiger FC,Beijing FC,Tianjin Jinmen Tiger,Beijing Guoan,2.84,3.65,2.54,betfair_ex_eu,h2h,us,2026-08-15T10:56:59Z,2026-08-15T10:57:15Z,close,23,pre-kickoff close tick @ 2026-08-15T10:57:15.789161+00:00
f260949fec2fc45e0cbe39656c3c4cc1,2026-08-15T11:35:00Z,Tianjin Jinmen Tiger FC,Beijing FC,Tianjin Jinmen Tiger,Beijing Guoan,2.84,3.65,2.52,betfair_ex_uk,h2h,us,2026-08-15T10:56:59Z,2026-08-15T10:57:15Z,close,23,pre-kickoff close tick @ 2026-08-15T10:57:15.789161+00:00
f260949fec2fc45e0cbe39656c3c4cc1,2026-08-15T11:35:00Z,Tianjin Jinmen Tiger FC,Beijing FC,Tianjin Jinmen Tiger,Beijing Guoan,2.86,3.7,2.56,matchbook,h2h,us,2026-08-15T10:56:58Z,2026-08-15T10:57:15Z,close,23,pre-kickoff close tick @ 2026-08-15T10:57:15.789161+00:00
c93cd8c3c8cd1c43cae4f97eccb2fab0,2026-08-15T11:35:00Z,Zhejiang,Chengdu Rongcheng FC,Zhejiang Professional,Chengdu Rongcheng,3.02,4.0,2.18,pinnacle,h2h,us,2026-08-15T10:56:58Z,2026-08-15T10:57:15Z,close,23,pre-kickoff close tick @ 2026-08-15T10:57:15.789161+00:00
c93cd8c3c8cd1c43cae4f97eccb2fab0,2026-08-15T11:35:00Z,Zhejiang,Chengdu Rongcheng FC,Zhejiang Professional,Chengdu Rongcheng,3.05,4.1,2.24,betfair_ex_uk,h2h,us,2026-08-15T10:56:59Z,2026-08-15T10:57:15Z,close,23,pre-kickoff close tick @ 2026-08-15T10:57:15.789161+00:00
c93cd8c3c8cd1c43cae4f97eccb2fab0,2026-08-15T11:35:00Z,Zhejiang,Chengdu Rongcheng FC,Zhejiang Professional,Chengdu Rongcheng,3.05,4.1,2.24,betfair_ex_eu,h2h,us,2026-08-15T10:56:59Z,2026-08-15T10:57:15Z,close,23,pre-kickoff close tick @ 2026-08-15T10:57:15.789161+00:00
c93cd8c3c8cd1c43cae4f97eccb2fab0,2026-08-15T11:35:00Z,Zhejiang,Chengdu Rongcheng FC,Zhejiang Professional,Chengdu Rongcheng,3.1,4.1,2.24,matchbook,h2h,us,2026-08-15T10:56:58Z,2026-08-15T10:57:15Z,close,23,pre-kickoff close tick @ 2026-08-15T10:57:15.789161+00:00
f260949fec2fc45e0cbe39656c3c4cc1,2026-08-15T11:35:00Z,Tianjin Jinmen Tiger FC,Beijing FC,Tianjin Jinmen Tiger,Beijing Guoan,2.81,3.62,2.46,pinnacle,h2h,us,2026-08-15T11:22:44Z,2026-08-15T11:22:47Z,close,23,pre-kickoff close tick @ 2026-08-15T11:22:47.342594+00:00
f260949fec2fc45e0cbe39656c3c4cc1,2026-08-15T11:35:00Z,Tianjin Jinmen Tiger FC,Beijing FC,Tianjin Jinmen Tiger,Beijing Guoan,2.98,3.65,2.48,betfair_ex_eu,h2h,us,2026-08-15T11:22:44Z,2026-08-15T11:22:47Z,close,23,pre-kickoff close tick @ 2026-08-15T11:22:47.342594+00:00
f260949fec2fc45e0cbe39656c3c4cc1,2026-08-15T11:35:00Z,Tianjin Jinmen Tiger FC,Beijing FC,Tianjin Jinmen Tiger,Beijing Guoan,2.98,3.65,2.46,betfair_ex_uk,h2h,us,2026-08-15T11:22:46Z,2026-08-15T11:22:47Z,close,23,pre-kickoff close tick @ 2026-08-15T11:22:47.342594+00:00
f260949fec2fc45e0cbe39656c3c4cc1,2026-08-15T11:35:00Z,Tianjin Jinmen Tiger FC,Beijing FC,Tianjin Jinmen Tiger,Beijing Guoan,3.0,3.65,2.46,matchbook,h2h,us,2026-08-15T11:22:44Z,2026-08-15T11:22:47Z,close,23,pre-kickoff close tick @ 2026-08-15T11:22:47.342594+00:00
c93cd8c3c8cd1c43cae4f97eccb2fab0,2026-08-15T11:35:00Z,Zhejiang,Chengdu Rongcheng FC,Zhejiang Professional,Chengdu Rongcheng,3.03,3.97,2.19,pinnacle,h2h,us,2026-08-15T11:22:44Z,2026-08-15T11:22:47Z,close,23,pre-kickoff close tick @ 2026-08-15T11:22:47.342594+00:00
c93cd8c3c8cd1c43cae4f97eccb2fab0,2026-08-15T11:35:00Z,Zhejiang,Chengdu Rongcheng FC,Zhejiang Professional,Chengdu Rongcheng,3.05,4.0,2.26,betfair_ex_uk,h2h,us,2026-08-15T11:22:46Z,2026-08-15T11:22:47Z,close,23,pre-kickoff close tick @ 2026-08-15T11:22:47.342594+00:00
c93cd8c3c8cd1c43cae4f97eccb2fab0,2026-08-15T11:35:00Z,Zhejiang,Chengdu Rongcheng FC,Zhejiang Professional,Chengdu Rongcheng,3.05,4.1,2.26,betfair_ex_eu,h2h,us,2026-08-15T11:22:44Z,2026-08-15T11:22:47Z,close,23,pre-kickoff close tick @ 2026-08-15T11:22:47.342594+00:00
c93cd8c3c8cd1c43cae4f97eccb2fab0,2026-08-15T11:35:00Z,Zhejiang,Chengdu Rongcheng FC,Zhejiang Professional,Chengdu Rongcheng,3.1,4.1,2.26,matchbook,h2h,us,2026-08-15T11:22:44Z,2026-08-15T11:22:47Z,close,23,pre-kickoff close tick @ 2026-08-15T11:22:47.342594+00:00
5192ca6e7604fc0f0ec34d7afed13fa3,2026-08-15T12:00:00Z,Yunnan Yukun,Dalian Yingbo,Yunnan Yukun,Dalian Yingbo,2.06,4.3,3.09,pinnacle,h2h,us,2026-08-15T11:22:44Z,2026-08-15T11:22:47Z,close,23,pre-kickoff close tick @ 2026-08-15T11:22:47.342594+00:00
5192ca6e7604fc0f0ec34d7afed13fa3,2026-08-15T12:00:00Z,Yunnan Yukun,Dalian Yingbo,Yunnan Yukun,Dalian Yingbo,2.14,4.3,3.15,betfair_ex_uk,h2h,us,2026-08-15T11:22:46Z,2026-08-15T11:22:47Z,close,23,pre-kickoff close tick @ 2026-08-15T11:22:47.342594+00:00
5192ca6e7604fc0f0ec34d7afed13fa3,2026-08-15T12:00:00Z,Yunnan Yukun,Dalian Yingbo,Yunnan Yukun,Dalian Yingbo,2.14,4.3,3.15,betfair_ex_eu,h2h,us,2026-08-15T11:22:44Z,2026-08-15T11:22:47Z,close,23,pre-kickoff close tick @ 2026-08-15T11:22:47.342594+00:00
5192ca6e7604fc0f0ec34d7afed13fa3,2026-08-15T12:00:00Z,Yunnan Yukun,Dalian Yingbo,Yunnan Yukun,Dalian Yingbo,2.14,4.3,3.15,matchbook,h2h,us,2026-08-15T11:22:44Z,2026-08-15T11:22:47Z,close,23,pre-kickoff close tick @ 2026-08-15T11:22:47.342594+00:00
fa9816054c966474eb75a32a679c6cb1,2026-08-15T12:00:00Z,Shanghai Shenhua FC,Henan FC,Shanghai Shenhua,Henan Songshan Longmen,1.93,4.15,3.52,pinnacle,h2h,us,2026-08-15T11:22:44Z,2026-08-15T11:22:47Z,close,23,pre-kickoff close tick @ 2026-08-15T11:22:47.342594+00:00
fa9816054c966474eb75a32a679c6cb1,2026-08-15T12:00:00Z,Shanghai Shenhua FC,Henan FC,Shanghai Shenhua,Henan Songshan Longmen,1.97,4.2,3.65,betfair_ex_uk,h2h,us,2026-08-15T11:22:46Z,2026-08-15T11:22:47Z,close,23,pre-kickoff close tick @ 2026-08-15T11:22:47.342594+00:00
fa9816054c966474eb75a32a679c6cb1,2026-08-15T12:00:00Z,Shanghai Shenhua FC,Henan FC,Shanghai Shenhua,Henan Songshan Longmen,1.97,4.2,3.65,betfair_ex_eu,h2h,us,2026-08-15T11:22:44Z,2026-08-15T11:22:47Z,close,23,pre-kickoff close tick @ 2026-08-15T11:22:47.342594+00:00
fa9816054c966474eb75a32a679c6cb1,2026-08-15T12:00:00Z,Shanghai Shenhua FC,Henan FC,Shanghai Shenhua,Henan Songshan Longmen,1.97,4.2,3.65,matchbook,h2h,us,2026-08-15T11:22:44Z,2026-08-15T11:22:47Z,close,23,pre-kickoff close tick @ 2026-08-15T11:22:47.342594+00:00
5192ca6e7604fc0f0ec34d7afed13fa3,2026-08-15T12:00:00Z,Yunnan Yukun,Dalian Yingbo,Yunnan Yukun,Dalian Yingbo,2.21,4.13,2.9,pinnacle,h2h,us,2026-08-15T11:45:02Z,2026-08-15T11:45:11Z,close,23,pre-kickoff close tick @ 2026-08-15T11:45:11.127656+00:00
5192ca6e7604fc0f0ec34d7afed13fa3,2026-08-15T12:00:00Z,Yunnan Yukun,Dalian Yingbo,Yunnan Yukun,Dalian Yingbo,2.24,4.3,2.98,betfair_ex_uk,h2h,us,2026-08-15T11:45:03Z,2026-08-15T11:45:11Z,close,23,pre-kickoff close tick @ 2026-08-15T11:45:11.127656+00:00
5192ca6e7604fc0f0ec34d7afed13fa3,2026-08-15T12:00:00Z,Yunnan Yukun,Dalian Yingbo,Yunnan Yukun,Dalian Yingbo,2.24,4.3,2.98,betfair_ex_eu,h2h,us,2026-08-15T11:45:03Z,2026-08-15T11:45:11Z,close,23,pre-kickoff close tick @ 2026-08-15T11:45:11.127656+00:00
5192ca6e7604fc0f0ec34d7afed13fa3,2026-08-15T12:00:00Z,Yunnan Yukun,Dalian Yingbo,Yunnan Yukun,Dalian Yingbo,2.24,4.3,3.0,matchbook,h2h,us,2026-08-15T11:45:03Z,2026-08-15T11:45:11Z,close,23,pre-kickoff close tick @ 2026-08-15T11:45:11.127656+00:00
fa9816054c966474eb75a32a679c6cb1,2026-08-15T12:00:00Z,Shanghai Shenhua FC,Henan FC,Shanghai Shenhua,Henan Songshan Longmen,1.84,4.25,3.82,pinnacle,h2h,us,2026-08-15T11:45:02Z,2026-08-15T11:45:11Z,close,23,pre-kickoff close tick @ 2026-08-15T11:45:11.127656+00:00
fa9816054c966474eb75a32a679c6cb1,2026-08-15T12:00:00Z,Shanghai Shenhua FC,Henan FC,Shanghai Shenhua,Henan Songshan Longmen,1.89,4.3,3.95,betfair_ex_uk,h2h,us,2026-08-15T11:45:03Z,2026-08-15T11:45:11Z,close,23,pre-kickoff close tick @ 2026-08-15T11:45:11.127656+00:00
fa9816054c966474eb75a32a679c6cb1,2026-08-15T12:00:00Z,Shanghai Shenhua FC,Henan FC,Shanghai Shenhua,Henan Songshan Longmen,1.88,4.3,3.95,betfair_ex_eu,h2h,us,2026-08-15T11:45:03Z,2026-08-15T11:45:11Z,close,23,pre-kickoff close tick @ 2026-08-15T11:45:11.127656+00:00
fa9816054c966474eb75a32a679c6cb1,2026-08-15T12:00:00Z,Shanghai Shenhua FC,Henan FC,Shanghai Shenhua,Henan Songshan Longmen,1.89,4.3,4.0,matchbook,h2h,us,2026-08-15T11:45:03Z,2026-08-15T11:45:11Z,close,23,pre-kickoff close tick @ 2026-08-15T11:45:11.127656+00:00
oddsapiio:68995332,2026-08-22T11:00:00Z,Wuhan Three Towns FC,Tianjin Jinmen Tiger,Wuhan Three Towns,Tianjin Jinmen Tiger,2.14,3.7,3.4,duel,h2h,oddsapiio,2026-08-15T11:49:13.303Z,2026-08-15T12:00:03Z,open,24,odds-api.io first-seen open price @ 2026-08-15T12:00:03.256975+00:00
1ab8849d49e9fa8f5c0b2af895e41bcb,2026-08-22T11:00:00Z,Wuhan Three Towns,Tianjin Jinmen Tiger FC,Wuhan Three Towns,Tianjin Jinmen Tiger,2.12,3.48,3.26,pinnacle,h2h,us,2026-08-15T12:00:19Z,2026-08-15T12:00:23Z,open,"18,24",scheduler open-window tick @ 2026-08-15T12:00:23.167242+00:00
d623847250ae38688fb81516f47ba160,2026-08-22T11:35:00Z,Shenzhen Peng City FC,Zhejiang,Shenzhen Xinpengcheng,Zhejiang Professional,2.46,3.59,2.63,pinnacle,h2h,us,2026-08-15T12:00:19Z,2026-08-15T12:00:23Z,open,"18,24",scheduler open-window tick @ 2026-08-15T12:00:23.167242+00:00
oddsapiio:68995336,2026-08-22T11:35:00Z,Shenzhen Peng City,Zhejiang FC,Shenzhen Xinpengcheng,Zhejiang Professional,2.48,4.0,2.64,duel,h2h,oddsapiio,2026-08-15T12:09:24.018Z,2026-08-15T12:16:20Z,open,24,odds-api.io first-seen open price @ 2026-08-15T12:16:19.868637+00:00
oddsapiio:68995332,2026-08-22T11:00:00Z,Wuhan Three Towns FC,Tianjin Jinmen Tiger,Wuhan Three Towns,Tianjin Jinmen Tiger,2.256,3.52,3.075,onexbet,h2h,oddsapiio,2026-08-15T12:41:32.895Z,2026-08-15T12:53:46Z,open,24,odds-api.io first-seen open price @ 2026-08-15T12:53:46.157636+00:00
oddsapiio:68995336,2026-08-22T11:35:00Z,Shenzhen Peng City,Zhejiang FC,Shenzhen Xinpengcheng,Zhejiang Professional,2.47,3.7,2.645,onexbet,h2h,oddsapiio,2026-08-15T12:41:32.895Z,2026-08-15T12:53:46Z,open,24,odds-api.io first-seen open price @ 2026-08-15T12:53:46.157636+00:00
oddsapiio:68995340,2026-08-22T12:00:00Z,Qingdao West Coast FC,Shandong Taishan FC,Qingdao West Coast,Shandong Taishan,2.86,3.95,2.32,duel,h2h,oddsapiio,2026-08-15T12:17:27.38Z,2026-08-15T12:53:46Z,open,24,odds-api.io first-seen open price @ 2026-08-15T12:53:46.157636+00:00
248595ac1ee1f61ade0e68a492f79cf9,2026-08-18T11:35:00Z,Shanghai Shenhua FC,Beijing FC,Shanghai Shenhua,Beijing Guoan,2.29,3.8,2.73,pinnacle,h2h,us,2026-08-15T12:53:57Z,2026-08-15T12:54:03Z,open,"18,24",scheduler open-window tick @ 2026-08-15T12:54:03.000586+00:00
248595ac1ee1f61ade0e68a492f79cf9,2026-08-18T11:35:00Z,Shanghai Shenhua FC,Beijing FC,Shanghai Shenhua,Beijing Guoan,2.28,3.75,2.7,betfair_ex_uk,h2h,us,2026-08-15T12:53:57Z,2026-08-15T12:54:03Z,open,"18,24",scheduler open-window tick @ 2026-08-15T12:54:03.000586+00:00
248595ac1ee1f61ade0e68a492f79cf9,2026-08-18T11:35:00Z,Shanghai Shenhua FC,Beijing FC,Shanghai Shenhua,Beijing Guoan,2.28,3.75,2.7,betfair_ex_eu,h2h,us,2026-08-15T12:53:55Z,2026-08-15T12:54:03Z,open,"18,24",scheduler open-window tick @ 2026-08-15T12:54:03.000586+00:00
oddsapiio:68995340,2026-08-22T12:00:00Z,Qingdao West Coast FC,Shandong Taishan FC,Qingdao West Coast,Shandong Taishan,2.81,3.62,2.375,onexbet,h2h,oddsapiio,2026-08-15T13:09:29.338Z,2026-08-15T13:29:02Z,open,24,odds-api.io first-seen open price @ 2026-08-15T13:29:01.505353+00:00
737d91f3342477f7039577939b8389ac,2026-08-22T12:00:00Z,Qingdao West Coast FC,Shandong Luneng Taishan FC,Qingdao West Coast,Shandong Taishan,2.65,3.68,2.47,pinnacle,h2h,us,2026-08-16T00:36:59Z,2026-08-16T00:37:03Z,open,24,now-refresh fallback (open window missed)
oddsapiio:68995342,2026-08-23T11:00:00Z,Liaoning Tieren FC,Henan,Liaoning Tieren,Henan Songshan Longmen,3.05,3.65,2.32,duel,h2h,oddsapiio,2026-08-16T11:21:28.077Z,2026-08-16T11:44:44Z,open,24,odds-api.io first-seen open price @ 2026-08-16T11:44:44.268598+00:00
oddsapiio:68995344,2026-08-23T11:35:00Z,Shanghai Port FC,Qingdao Hainiu FC,Shanghai Port,Qingdao Hainiu,1.33,6.0,8.8,duel,h2h,oddsapiio,2026-08-16T11:46:35.655Z,2026-08-16T12:00:11Z,open,24,odds-api.io first-seen open price @ 2026-08-16T12:00:10.845971+00:00
2488bc03737e0a21cebf97d3b59a83fd,2026-08-23T11:00:00Z,Liaoning Tieren FC,Henan FC,Liaoning Tieren,Henan Songshan Longmen,2.95,3.49,2.27,pinnacle,h2h,us,2026-08-16T12:16:52Z,2026-08-16T12:16:55Z,open,24,now-refresh fallback (open window missed)
oddsapiio:68995342,2026-08-23T11:00:00Z,Liaoning Tieren FC,Henan,Liaoning Tieren,Henan Songshan Longmen,3.025,3.42,2.32,onexbet,h2h,oddsapiio,2026-08-16T12:04:02.64Z,2026-08-16T12:16:56Z,open,24,odds-api.io first-seen open price @ 2026-08-16T12:16:56.441898+00:00
oddsapiio:68995346,2026-08-23T12:00:00Z,Chongqing Tonglianglong FC,Dalian Yingbo FC,Chongqing Tonglianglong,Dalian Yingbo,2.54,3.55,2.8,duel,h2h,oddsapiio,2026-08-16T12:29:48.518Z,2026-08-16T12:55:06Z,open,24,odds-api.io first-seen open price @ 2026-08-16T12:55:05.691470+00:00
oddsapiio:68995344,2026-08-23T11:35:00Z,Shanghai Port FC,Qingdao Hainiu FC,Shanghai Port,Qingdao Hainiu,1.34,5.45,8.1,onexbet,h2h,oddsapiio,2026-08-16T12:27:09.553Z,2026-08-16T12:55:06Z,open,24,odds-api.io first-seen open price @ 2026-08-16T12:55:05.691470+00:00
oddsapiio:68995346,2026-08-23T12:00:00Z,Chongqing Tonglianglong FC,Dalian Yingbo FC,Chongqing Tonglianglong,Dalian Yingbo,2.58,3.32,2.735,onexbet,h2h,oddsapiio,2026-08-16T12:57:10.586Z,2026-08-16T13:30:14Z,open,24,odds-api.io first-seen open price @ 2026-08-16T13:30:14.212681+00:00
oddsapiio:73790816,2026-08-19T11:35:00Z,Shanghai Port FC,Dalian Yingbo FC,Shanghai Port,Dalian Yingbo,1.816,4.12,3.82,onexbet,h2h,oddsapiio,2026-08-17T07:31:52.982Z,2026-08-17T07:32:18Z,open,18,odds-api.io first-seen open price @ 2026-08-17T07:32:18.103110+00:00
oddsapiio:73790816,2026-08-19T11:35:00Z,Shanghai Port FC,Dalian Yingbo FC,Shanghai Port,Dalian Yingbo,1.73,4.4,4.4,duel,h2h,oddsapiio,2026-08-17T07:31:35.493Z,2026-08-17T07:32:18Z,open,18,odds-api.io first-seen open price @ 2026-08-17T07:32:18.103110+00:00
oddsapiio:73790810,2026-08-18T11:35:00Z,Shanghai Shenhua FC,Beijing Guoan,Shanghai Shenhua,Beijing Guoan,2.1,3.92,3.096,onexbet,h2h,oddsapiio,2026-08-16T21:40:46.214Z,2026-08-17T07:32:18Z,open,18,odds-api.io first-seen open price @ 2026-08-17T07:32:18.103110+00:00
oddsapiio:73790810,2026-08-18T11:35:00Z,Shanghai Shenhua FC,Beijing Guoan,Shanghai Shenhua,Beijing Guoan,2.14,4.1,3.15,duel,h2h,oddsapiio,2026-08-17T07:03:28.504Z,2026-08-17T07:32:18Z,open,18,odds-api.io first-seen open price @ 2026-08-17T07:32:18.103110+00:00
49ea405c2367b3129d93f3eb9d8f3e0d,2026-08-19T11:35:00Z,Shanghai SIPG FC,Dalian Yingbo,Shanghai Port,Dalian Yingbo,1.7,4.22,4.24,pinnacle,h2h,us,2026-08-17T09:03:40Z,2026-08-17T09:03:40Z,open,18,now-refresh fallback (open window missed)
oddsapiio:68995338,2026-08-22T12:00:00Z,Beijing Guoan,Yunnan Yukun,Beijing Guoan,Yunnan Yukun,1.405,5.25,6.65,onexbet,h2h,oddsapiio,2026-08-17T10:52:25.063Z,2026-08-17T11:00:35Z,open,24,odds-api.io first-seen open price @ 2026-08-17T11:00:34.789345+00:00
oddsapiio:68995338,2026-08-22T12:00:00Z,Beijing Guoan,Yunnan Yukun,Beijing Guoan,Yunnan Yukun,1.41,5.6,7.0,duel,h2h,oddsapiio,2026-08-17T10:43:45.895Z,2026-08-17T11:00:35Z,open,24,odds-api.io first-seen open price @ 2026-08-17T11:00:34.789345+00:00
oddsapiio:68995334,2026-08-22T11:35:00Z,Chengdu Rongcheng,Shanghai Shenhua FC,Chengdu Rongcheng,Shanghai Shenhua,1.92,4.14,3.42,onexbet,h2h,oddsapiio,2026-08-17T10:52:25.063Z,2026-08-17T11:00:35Z,open,24,odds-api.io first-seen open price @ 2026-08-17T11:00:34.789345+00:00
oddsapiio:68995334,2026-08-22T11:35:00Z,Chengdu Rongcheng,Shanghai Shenhua FC,Chengdu Rongcheng,Shanghai Shenhua,1.95,4.3,3.55,duel,h2h,oddsapiio,2026-08-17T10:47:46.804Z,2026-08-17T11:00:35Z,open,24,odds-api.io first-seen open price @ 2026-08-17T11:00:34.789345+00:00
248595ac1ee1f61ade0e68a492f79cf9,2026-08-18T11:35:00Z,Shanghai Shenhua FC,Beijing FC,Shanghai Shenhua,Beijing Guoan,2.14,4.12,3.04,pinnacle,h2h,us,2026-08-18T10:35:56Z,2026-08-18T10:36:13Z,close,18,pre-kickoff close tick @ 2026-08-18T10:36:12.915359+00:00
248595ac1ee1f61ade0e68a492f79cf9,2026-08-18T11:35:00Z,Shanghai Shenhua FC,Beijing FC,Shanghai Shenhua,Beijing Guoan,2.24,4.1,3.05,betfair_ex_uk,h2h,us,2026-08-18T10:35:56Z,2026-08-18T10:36:13Z,close,18,pre-kickoff close tick @ 2026-08-18T10:36:12.915359+00:00
248595ac1ee1f61ade0e68a492f79cf9,2026-08-18T11:35:00Z,Shanghai Shenhua FC,Beijing FC,Shanghai Shenhua,Beijing Guoan,2.24,4.1,3.05,betfair_ex_eu,h2h,us,2026-08-18T10:35:56Z,2026-08-18T10:36:13Z,close,18,pre-kickoff close tick @ 2026-08-18T10:36:12.915359+00:00
248595ac1ee1f61ade0e68a492f79cf9,2026-08-18T11:35:00Z,Shanghai Shenhua FC,Beijing FC,Shanghai Shenhua,Beijing Guoan,2.26,4.1,3.05,matchbook,h2h,us,2026-08-18T10:35:56Z,2026-08-18T10:36:13Z,close,18,pre-kickoff close tick @ 2026-08-18T10:36:12.915359+00:00
248595ac1ee1f61ade0e68a492f79cf9,2026-08-18T11:35:00Z,Shanghai Shenhua FC,Beijing FC,Shanghai Shenhua,Beijing Guoan,2.14,4.12,3.04,pinnacle,h2h,us,2026-08-18T10:46:02Z,2026-08-18T10:46:13Z,close,18,pre-kickoff close tick @ 2026-08-18T10:46:13.059579+00:00
248595ac1ee1f61ade0e68a492f79cf9,2026-08-18T11:35:00Z,Shanghai Shenhua FC,Beijing FC,Shanghai Shenhua,Beijing Guoan,2.28,4.1,3.05,betfair_ex_uk,h2h,us,2026-08-18T10:46:01Z,2026-08-18T10:46:13Z,close,18,pre-kickoff close tick @ 2026-08-18T10:46:13.059579+00:00
248595ac1ee1f61ade0e68a492f79cf9,2026-08-18T11:35:00Z,Shanghai Shenhua FC,Beijing FC,Shanghai Shenhua,Beijing Guoan,2.2,4.2,3.15,betfair_ex_eu,h2h,us,2026-08-18T10:46:02Z,2026-08-18T10:46:13Z,close,18,pre-kickoff close tick @ 2026-08-18T10:46:13.059579+00:00
248595ac1ee1f61ade0e68a492f79cf9,2026-08-18T11:35:00Z,Shanghai Shenhua FC,Beijing FC,Shanghai Shenhua,Beijing Guoan,2.2,4.2,3.15,matchbook,h2h,us,2026-08-18T10:46:01Z,2026-08-18T10:46:13Z,close,18,pre-kickoff close tick @ 2026-08-18T10:46:13.059579+00:00
248595ac1ee1f61ade0e68a492f79cf9,2026-08-18T11:35:00Z,Shanghai Shenhua FC,Beijing FC,Shanghai Shenhua,Beijing Guoan,2.15,4.09,3.03,pinnacle,h2h,us,2026-08-18T10:50:18Z,2026-08-18T10:50:20Z,close,18,pre-kickoff close tick @ 2026-08-18T10:50:20.589004+00:00
248595ac1ee1f61ade0e68a492f79cf9,2026-08-18T11:35:00Z,Shanghai Shenhua FC,Beijing FC,Shanghai Shenhua,Beijing Guoan,2.24,4.1,3.1,betfair_ex_uk,h2h,us,2026-08-18T10:50:19Z,2026-08-18T10:50:20Z,close,18,pre-kickoff close tick @ 2026-08-18T10:50:20.589004+00:00
248595ac1ee1f61ade0e68a492f79cf9,2026-08-18T11:35:00Z,Shanghai Shenhua FC,Beijing FC,Shanghai Shenhua,Beijing Guoan,2.24,4.1,3.1,betfair_ex_eu,h2h,us,2026-08-18T10:50:19Z,2026-08-18T10:50:20Z,close,18,pre-kickoff close tick @ 2026-08-18T10:50:20.589004+00:00
248595ac1ee1f61ade0e68a492f79cf9,2026-08-18T11:35:00Z,Shanghai Shenhua FC,Beijing FC,Shanghai Shenhua,Beijing Guoan,2.22,4.1,3.1,matchbook,h2h,us,2026-08-18T10:50:18Z,2026-08-18T10:50:20Z,close,18,pre-kickoff close tick @ 2026-08-18T10:50:20.589004+00:00
248595ac1ee1f61ade0e68a492f79cf9,2026-08-18T11:35:00Z,Shanghai Shenhua FC,Beijing FC,Shanghai Shenhua,Beijing Guoan,2.15,4.09,3.03,pinnacle,h2h,us,2026-08-18T10:55:55Z,2026-08-18T10:56:17Z,close,18,pre-kickoff close tick @ 2026-08-18T10:56:17.711910+00:00
248595ac1ee1f61ade0e68a492f79cf9,2026-08-18T11:35:00Z,Shanghai Shenhua FC,Beijing FC,Shanghai Shenhua,Beijing Guoan,2.22,4.1,3.1,betfair_ex_uk,h2h,us,2026-08-18T10:56:17Z,2026-08-18T10:56:17Z,close,18,pre-kickoff close tick @ 2026-08-18T10:56:17.711910+00:00
248595ac1ee1f61ade0e68a492f79cf9,2026-08-18T11:35:00Z,Shanghai Shenhua FC,Beijing FC,Shanghai Shenhua,Beijing Guoan,2.2,4.2,3.15,betfair_ex_eu,h2h,us,2026-08-18T10:56:17Z,2026-08-18T10:56:17Z,close,18,pre-kickoff close tick @ 2026-08-18T10:56:17.711910+00:00
248595ac1ee1f61ade0e68a492f79cf9,2026-08-18T11:35:00Z,Shanghai Shenhua FC,Beijing FC,Shanghai Shenhua,Beijing Guoan,2.2,4.2,3.1,matchbook,h2h,us,2026-08-18T10:56:17Z,2026-08-18T10:56:17Z,close,18,pre-kickoff close tick @ 2026-08-18T10:56:17.711910+00:00
248595ac1ee1f61ade0e68a492f79cf9,2026-08-18T11:35:00Z,Shanghai Shenhua FC,Beijing FC,Shanghai Shenhua,Beijing Guoan,2.1,4.16,3.1,pinnacle,h2h,us,2026-08-18T11:05:57Z,2026-08-18T11:06:15Z,close,18,pre-kickoff close tick @ 2026-08-18T11:06:15.295373+00:00
248595ac1ee1f61ade0e68a492f79cf9,2026-08-18T11:35:00Z,Shanghai Shenhua FC,Beijing FC,Shanghai Shenhua,Beijing Guoan,2.16,4.2,3.2,betfair_ex_uk,h2h,us,2026-08-18T11:05:58Z,2026-08-18T11:06:15Z,close,18,pre-kickoff close tick @ 2026-08-18T11:06:15.295373+00:00
248595ac1ee1f61ade0e68a492f79cf9,2026-08-18T11:35:00Z,Shanghai Shenhua FC,Beijing FC,Shanghai Shenhua,Beijing Guoan,2.16,4.2,3.2,betfair_ex_eu,h2h,us,2026-08-18T11:05:58Z,2026-08-18T11:06:15Z,close,18,pre-kickoff close tick @ 2026-08-18T11:06:15.295373+00:00
248595ac1ee1f61ade0e68a492f79cf9,2026-08-18T11:35:00Z,Shanghai Shenhua FC,Beijing FC,Shanghai Shenhua,Beijing Guoan,2.12,4.2,3.3,matchbook,h2h,us,2026-08-18T11:05:58Z,2026-08-18T11:06:15Z,close,18,pre-kickoff close tick @ 2026-08-18T11:06:15.295373+00:00
248595ac1ee1f61ade0e68a492f79cf9,2026-08-18T11:35:00Z,Shanghai Shenhua FC,Beijing FC,Shanghai Shenhua,Beijing Guoan,2.1,4.16,3.1,pinnacle,h2h,us,2026-08-18T11:12:42Z,2026-08-18T11:12:54Z,close,18,pre-kickoff close tick @ 2026-08-18T11:12:54.178504+00:00
248595ac1ee1f61ade0e68a492f79cf9,2026-08-18T11:35:00Z,Shanghai Shenhua FC,Beijing FC,Shanghai Shenhua,Beijing Guoan,2.1,4.2,3.35,betfair_ex_uk,h2h,us,2026-08-18T11:12:40Z,2026-08-18T11:12:54Z,close,18,pre-kickoff close tick @ 2026-08-18T11:12:54.178504+00:00
248595ac1ee1f61ade0e68a492f79cf9,2026-08-18T11:35:00Z,Shanghai Shenhua FC,Beijing FC,Shanghai Shenhua,Beijing Guoan,2.1,4.2,3.35,betfair_ex_eu,h2h,us,2026-08-18T11:12:41Z,2026-08-18T11:12:54Z,close,18,pre-kickoff close tick @ 2026-08-18T11:12:54.178504+00:00
248595ac1ee1f61ade0e68a492f79cf9,2026-08-18T11:35:00Z,Shanghai Shenhua FC,Beijing FC,Shanghai Shenhua,Beijing Guoan,2.12,4.2,3.35,matchbook,h2h,us,2026-08-18T11:12:41Z,2026-08-18T11:12:54Z,close,18,pre-kickoff close tick @ 2026-08-18T11:12:54.178504+00:00
248595ac1ee1f61ade0e68a492f79cf9,2026-08-18T11:35:00Z,Shanghai Shenhua FC,Beijing FC,Shanghai Shenhua,Beijing Guoan,2.1,4.16,3.1,pinnacle,h2h,us,2026-08-18T11:16:13Z,2026-08-18T11:16:19Z,close,18,pre-kickoff close tick @ 2026-08-18T11:16:19.445788+00:00
248595ac1ee1f61ade0e68a492f79cf9,2026-08-18T11:35:00Z,Shanghai Shenhua FC,Beijing FC,Shanghai Shenhua,Beijing Guoan,2.14,4.2,3.3,betfair_ex_uk,h2h,us,2026-08-18T11:16:12Z,2026-08-18T11:16:19Z,close,18,pre-kickoff close tick @ 2026-08-18T11:16:19.445788+00:00
248595ac1ee1f61ade0e68a492f79cf9,2026-08-18T11:35:00Z,Shanghai Shenhua FC,Beijing FC,Shanghai Shenhua,Beijing Guoan,2.14,4.2,3.3,betfair_ex_eu,h2h,us,2026-08-18T11:16:12Z,2026-08-18T11:16:19Z,close,18,pre-kickoff close tick @ 2026-08-18T11:16:19.445788+00:00
248595ac1ee1f61ade0e68a492f79cf9,2026-08-18T11:35:00Z,Shanghai Shenhua FC,Beijing FC,Shanghai Shenhua,Beijing Guoan,2.12,4.2,3.35,matchbook,h2h,us,2026-08-18T11:16:12Z,2026-08-18T11:16:19Z,close,18,pre-kickoff close tick @ 2026-08-18T11:16:19.445788+00:00
248595ac1ee1f61ade0e68a492f79cf9,2026-08-18T11:35:00Z,Shanghai Shenhua FC,Beijing FC,Shanghai Shenhua,Beijing Guoan,2.02,4.0,3.38,pinnacle,h2h,us,2026-08-18T11:26:03Z,2026-08-18T11:26:20Z,close,18,pre-kickoff close tick @ 2026-08-18T11:26:20.518770+00:00
248595ac1ee1f61ade0e68a492f79cf9,2026-08-18T11:35:00Z,Shanghai Shenhua FC,Beijing FC,Shanghai Shenhua,Beijing Guoan,2.12,4.2,3.4,betfair_ex_uk,h2h,us,2026-08-18T11:26:07Z,2026-08-18T11:26:20Z,close,18,pre-kickoff close tick @ 2026-08-18T11:26:20.518770+00:00
248595ac1ee1f61ade0e68a492f79cf9,2026-08-18T11:35:00Z,Shanghai Shenhua FC,Beijing FC,Shanghai Shenhua,Beijing Guoan,2.1,4.2,3.4,betfair_ex_eu,h2h,us,2026-08-18T11:26:04Z,2026-08-18T11:26:20Z,close,18,pre-kickoff close tick @ 2026-08-18T11:26:20.518770+00:00
248595ac1ee1f61ade0e68a492f79cf9,2026-08-18T11:35:00Z,Shanghai Shenhua FC,Beijing FC,Shanghai Shenhua,Beijing Guoan,2.1,4.2,3.4,matchbook,h2h,us,2026-08-18T11:26:05Z,2026-08-18T11:26:20Z,close,18,pre-kickoff close tick @ 2026-08-18T11:26:20.518770+00:00
5fe1788f9c7fc0a706ea7771450360bc,2026-08-22T11:35:00Z,Chengdu Rongcheng FC,Shanghai Shenhua FC,Chengdu Rongcheng,Shanghai Shenhua,1.91,3.98,3.54,pinnacle,h2h,us,2026-08-18T11:35:44Z,2026-08-18T11:36:03Z,open,24,scheduler open-window tick @ 2026-08-18T11:36:02.999289+00:00
e28a4647712faf91068b267ebb12c8ac,2026-08-22T12:00:00Z,Beijing FC,Yunnan Yukun,Beijing Guoan,Yunnan Yukun,1.51,4.79,4.96,pinnacle,h2h,us,2026-08-18T11:55:41Z,2026-08-18T11:55:57Z,open,24,scheduler open-window tick @ 2026-08-18T11:55:57.586706+00:00
49ea405c2367b3129d93f3eb9d8f3e0d,2026-08-19T11:35:00Z,Shanghai SIPG FC,Dalian Yingbo,Shanghai Port,Dalian Yingbo,1.33,5.82,8.32,pinnacle,h2h,us,2026-08-19T10:37:10Z,2026-08-19T10:37:26Z,close,18,pre-kickoff close tick @ 2026-08-19T10:37:25.951385+00:00
49ea405c2367b3129d93f3eb9d8f3e0d,2026-08-19T11:35:00Z,Shanghai SIPG FC,Dalian Yingbo,Shanghai Port,Dalian Yingbo,1.35,6.0,9.2,betfair_ex_uk,h2h,us,2026-08-19T10:37:14Z,2026-08-19T10:37:26Z,close,18,pre-kickoff close tick @ 2026-08-19T10:37:25.951385+00:00
49ea405c2367b3129d93f3eb9d8f3e0d,2026-08-19T11:35:00Z,Shanghai SIPG FC,Dalian Yingbo,Shanghai Port,Dalian Yingbo,1.35,6.0,9.2,betfair_ex_eu,h2h,us,2026-08-19T10:37:12Z,2026-08-19T10:37:26Z,close,18,pre-kickoff close tick @ 2026-08-19T10:37:25.951385+00:00
49ea405c2367b3129d93f3eb9d8f3e0d,2026-08-19T11:35:00Z,Shanghai SIPG FC,Dalian Yingbo,Shanghai Port,Dalian Yingbo,1.35,6.0,9.2,matchbook,h2h,us,2026-08-19T10:37:11Z,2026-08-19T10:37:26Z,close,18,pre-kickoff close tick @ 2026-08-19T10:37:25.951385+00:00
49ea405c2367b3129d93f3eb9d8f3e0d,2026-08-19T11:35:00Z,Shanghai SIPG FC,Dalian Yingbo,Shanghai Port,Dalian Yingbo,1.33,5.85,8.37,pinnacle,h2h,us,2026-08-19T10:43:50Z,2026-08-19T10:43:55Z,close,18,pre-kickoff close tick @ 2026-08-19T10:43:55.440589+00:00
49ea405c2367b3129d93f3eb9d8f3e0d,2026-08-19T11:35:00Z,Shanghai SIPG FC,Dalian Yingbo,Shanghai Port,Dalian Yingbo,1.36,6.2,9.2,betfair_ex_uk,h2h,us,2026-08-19T10:43:48Z,2026-08-19T10:43:55Z,close,18,pre-kickoff close tick @ 2026-08-19T10:43:55.440589+00:00
49ea405c2367b3129d93f3eb9d8f3e0d,2026-08-19T11:35:00Z,Shanghai SIPG FC,Dalian Yingbo,Shanghai Port,Dalian Yingbo,1.36,6.2,9.2,betfair_ex_eu,h2h,us,2026-08-19T10:43:49Z,2026-08-19T10:43:55Z,close,18,pre-kickoff close tick @ 2026-08-19T10:43:55.440589+00:00
49ea405c2367b3129d93f3eb9d8f3e0d,2026-08-19T11:35:00Z,Shanghai SIPG FC,Dalian Yingbo,Shanghai Port,Dalian Yingbo,1.36,6.2,9.2,matchbook,h2h,us,2026-08-19T10:43:48Z,2026-08-19T10:43:55Z,close,18,pre-kickoff close tick @ 2026-08-19T10:43:55.440589+00:00
49ea405c2367b3129d93f3eb9d8f3e0d,2026-08-19T11:35:00Z,Shanghai SIPG FC,Dalian Yingbo,Shanghai Port,Dalian Yingbo,1.33,5.85,8.37,pinnacle,h2h,us,2026-08-19T10:47:24Z,2026-08-19T10:47:26Z,close,18,pre-kickoff close tick @ 2026-08-19T10:47:26.032346+00:00
49ea405c2367b3129d93f3eb9d8f3e0d,2026-08-19T11:35:00Z,Shanghai SIPG FC,Dalian Yingbo,Shanghai Port,Dalian Yingbo,1.36,6.2,9.2,betfair_ex_uk,h2h,us,2026-08-19T10:47:24Z,2026-08-19T10:47:26Z,close,18,pre-kickoff close tick @ 2026-08-19T10:47:26.032346+00:00
49ea405c2367b3129d93f3eb9d8f3e0d,2026-08-19T11:35:00Z,Shanghai SIPG FC,Dalian Yingbo,Shanghai Port,Dalian Yingbo,1.36,6.2,9.2,betfair_ex_eu,h2h,us,2026-08-19T10:47:24Z,2026-08-19T10:47:26Z,close,18,pre-kickoff close tick @ 2026-08-19T10:47:26.032346+00:00
49ea405c2367b3129d93f3eb9d8f3e0d,2026-08-19T11:35:00Z,Shanghai SIPG FC,Dalian Yingbo,Shanghai Port,Dalian Yingbo,1.36,6.0,9.2,matchbook,h2h,us,2026-08-19T10:47:24Z,2026-08-19T10:47:26Z,close,18,pre-kickoff close tick @ 2026-08-19T10:47:26.032346+00:00
49ea405c2367b3129d93f3eb9d8f3e0d,2026-08-19T11:35:00Z,Shanghai SIPG FC,Dalian Yingbo,Shanghai Port,Dalian Yingbo,1.33,5.82,8.19,pinnacle,h2h,us,2026-08-19T10:57:18Z,2026-08-19T10:57:30Z,close,18,pre-kickoff close tick @ 2026-08-19T10:57:30.120904+00:00
49ea405c2367b3129d93f3eb9d8f3e0d,2026-08-19T11:35:00Z,Shanghai SIPG FC,Dalian Yingbo,Shanghai Port,Dalian Yingbo,1.37,6.0,9.0,betfair_ex_uk,h2h,us,2026-08-19T10:57:19Z,2026-08-19T10:57:30Z,close,18,pre-kickoff close tick @ 2026-08-19T10:57:30.120904+00:00
49ea405c2367b3129d93f3eb9d8f3e0d,2026-08-19T11:35:00Z,Shanghai SIPG FC,Dalian Yingbo,Shanghai Port,Dalian Yingbo,1.37,6.0,8.8,betfair_ex_eu,h2h,us,2026-08-19T10:57:18Z,2026-08-19T10:57:30Z,close,18,pre-kickoff close tick @ 2026-08-19T10:57:30.120904+00:00
49ea405c2367b3129d93f3eb9d8f3e0d,2026-08-19T11:35:00Z,Shanghai SIPG FC,Dalian Yingbo,Shanghai Port,Dalian Yingbo,1.37,6.0,9.0,matchbook,h2h,us,2026-08-19T10:57:18Z,2026-08-19T10:57:30Z,close,18,pre-kickoff close tick @ 2026-08-19T10:57:30.120904+00:00
49ea405c2367b3129d93f3eb9d8f3e0d,2026-08-19T11:35:00Z,Shanghai SIPG FC,Dalian Yingbo,Shanghai Port,Dalian Yingbo,1.33,5.82,8.19,pinnacle,h2h,us,2026-08-19T11:07:15Z,2026-08-19T11:07:24Z,close,18,pre-kickoff close tick @ 2026-08-19T11:07:24.129598+00:00
49ea405c2367b3129d93f3eb9d8f3e0d,2026-08-19T11:35:00Z,Shanghai SIPG FC,Dalian Yingbo,Shanghai Port,Dalian Yingbo,1.37,6.0,8.6,betfair_ex_uk,h2h,us,2026-08-19T11:07:15Z,2026-08-19T11:07:24Z,close,18,pre-kickoff close tick @ 2026-08-19T11:07:24.129598+00:00
49ea405c2367b3129d93f3eb9d8f3e0d,2026-08-19T11:35:00Z,Shanghai SIPG FC,Dalian Yingbo,Shanghai Port,Dalian Yingbo,1.38,6.0,8.6,betfair_ex_eu,h2h,us,2026-08-19T11:07:18Z,2026-08-19T11:07:24Z,close,18,pre-kickoff close tick @ 2026-08-19T11:07:24.129598+00:00
49ea405c2367b3129d93f3eb9d8f3e0d,2026-08-19T11:35:00Z,Shanghai SIPG FC,Dalian Yingbo,Shanghai Port,Dalian Yingbo,1.4,6.0,8.2,matchbook,h2h,us,2026-08-19T11:07:15Z,2026-08-19T11:07:24Z,close,18,pre-kickoff close tick @ 2026-08-19T11:07:24.129598+00:00
49ea405c2367b3129d93f3eb9d8f3e0d,2026-08-19T11:35:00Z,Shanghai SIPG FC,Dalian Yingbo,Shanghai Port,Dalian Yingbo,1.33,5.82,8.19,pinnacle,h2h,us,2026-08-19T11:09:15Z,2026-08-19T11:09:30Z,close,18,pre-kickoff close tick @ 2026-08-19T11:09:29.913755+00:00
49ea405c2367b3129d93f3eb9d8f3e0d,2026-08-19T11:35:00Z,Shanghai SIPG FC,Dalian Yingbo,Shanghai Port,Dalian Yingbo,1.39,5.9,8.2,betfair_ex_uk,h2h,us,2026-08-19T11:09:16Z,2026-08-19T11:09:30Z,close,18,pre-kickoff close tick @ 2026-08-19T11:09:29.913755+00:00
49ea405c2367b3129d93f3eb9d8f3e0d,2026-08-19T11:35:00Z,Shanghai SIPG FC,Dalian Yingbo,Shanghai Port,Dalian Yingbo,1.39,5.8,8.2,betfair_ex_eu,h2h,us,2026-08-19T11:09:17Z,2026-08-19T11:09:30Z,close,18,pre-kickoff close tick @ 2026-08-19T11:09:29.913755+00:00
49ea405c2367b3129d93f3eb9d8f3e0d,2026-08-19T11:35:00Z,Shanghai SIPG FC,Dalian Yingbo,Shanghai Port,Dalian Yingbo,1.39,5.9,8.2,matchbook,h2h,us,2026-08-19T11:09:16Z,2026-08-19T11:09:30Z,close,18,pre-kickoff close tick @ 2026-08-19T11:09:29.913755+00:00
49ea405c2367b3129d93f3eb9d8f3e0d,2026-08-19T11:35:00Z,Shanghai SIPG FC,Dalian Yingbo,Shanghai Port,Dalian Yingbo,1.37,5.6,7.44,pinnacle,h2h,us,2026-08-19T11:17:31Z,2026-08-19T11:17:37Z,close,18,pre-kickoff close tick @ 2026-08-19T11:17:37.086388+00:00
49ea405c2367b3129d93f3eb9d8f3e0d,2026-08-19T11:35:00Z,Shanghai SIPG FC,Dalian Yingbo,Shanghai Port,Dalian Yingbo,1.4,5.8,8.0,betfair_ex_uk,h2h,us,2026-08-19T11:17:32Z,2026-08-19T11:17:37Z,close,18,pre-kickoff close tick @ 2026-08-19T11:17:37.086388+00:00
49ea405c2367b3129d93f3eb9d8f3e0d,2026-08-19T11:35:00Z,Shanghai SIPG FC,Dalian Yingbo,Shanghai Port,Dalian Yingbo,1.39,5.9,8.2,betfair_ex_eu,h2h,us,2026-08-19T11:17:32Z,2026-08-19T11:17:37Z,close,18,pre-kickoff close tick @ 2026-08-19T11:17:37.086388+00:00
49ea405c2367b3129d93f3eb9d8f3e0d,2026-08-19T11:35:00Z,Shanghai SIPG FC,Dalian Yingbo,Shanghai Port,Dalian Yingbo,1.4,5.9,8.0,matchbook,h2h,us,2026-08-19T11:17:32Z,2026-08-19T11:17:37Z,close,18,pre-kickoff close tick @ 2026-08-19T11:17:37.086388+00:00
49ea405c2367b3129d93f3eb9d8f3e0d,2026-08-19T11:35:00Z,Shanghai SIPG FC,Dalian Yingbo,Shanghai Port,Dalian Yingbo,1.37,5.6,7.44,pinnacle,h2h,us,2026-08-19T11:27:13Z,2026-08-19T11:27:31Z,close,18,pre-kickoff close tick @ 2026-08-19T11:27:30.906492+00:00
49ea405c2367b3129d93f3eb9d8f3e0d,2026-08-19T11:35:00Z,Shanghai SIPG FC,Dalian Yingbo,Shanghai Port,Dalian Yingbo,1.4,5.8,8.0,betfair_ex_uk,h2h,us,2026-08-19T11:27:13Z,2026-08-19T11:27:31Z,close,18,pre-kickoff close tick @ 2026-08-19T11:27:30.906492+00:00
49ea405c2367b3129d93f3eb9d8f3e0d,2026-08-19T11:35:00Z,Shanghai SIPG FC,Dalian Yingbo,Shanghai Port,Dalian Yingbo,1.41,5.8,8.0,betfair_ex_eu,h2h,us,2026-08-19T11:27:12Z,2026-08-19T11:27:31Z,close,18,pre-kickoff close tick @ 2026-08-19T11:27:30.906492+00:00
49ea405c2367b3129d93f3eb9d8f3e0d,2026-08-19T11:35:00Z,Shanghai SIPG FC,Dalian Yingbo,Shanghai Port,Dalian Yingbo,1.41,5.9,8.0,matchbook,h2h,us,2026-08-19T11:27:12Z,2026-08-19T11:27:31Z,close,18,pre-kickoff close tick @ 2026-08-19T11:27:30.906492+00:00
4b476ca9985a02742b9e536d0ea8e29e,2026-08-23T11:35:00Z,Shanghai SIPG FC,Qingdao Hainiu FC,Shanghai Port,Qingdao Hainiu,1.32,5.61,7.98,pinnacle,h2h,us,2026-08-19T11:36:56Z,2026-08-19T11:37:08Z,open,24,scheduler open-window tick @ 2026-08-19T11:37:08.091722+00:00
4b476ca9985a02742b9e536d0ea8e29e,2026-08-23T11:35:00Z,Shanghai SIPG FC,Qingdao Hainiu FC,Shanghai Port,Qingdao Hainiu,1.34,5.5,8.4,betfair_ex_uk,h2h,us,2026-08-19T11:36:58Z,2026-08-19T11:37:08Z,open,24,scheduler open-window tick @ 2026-08-19T11:37:08.091722+00:00
4b476ca9985a02742b9e536d0ea8e29e,2026-08-23T11:35:00Z,Shanghai SIPG FC,Qingdao Hainiu FC,Shanghai Port,Qingdao Hainiu,1.34,5.5,8.4,betfair_ex_eu,h2h,us,2026-08-19T11:36:56Z,2026-08-19T11:37:08Z,open,24,scheduler open-window tick @ 2026-08-19T11:37:08.091722+00:00
355a02bc58ba08ff3a0823157354fb49,2026-08-23T12:00:00Z,Chongqing Tonglianglong FC,Dalian Yingbo,Chongqing Tonglianglong,Dalian Yingbo,2.41,3.3,2.98,pinnacle,h2h,us,2026-08-19T11:36:56Z,2026-08-19T11:37:08Z,open,24,scheduler open-window tick @ 2026-08-19T11:37:08.091722+00:00
1ab8849d49e9fa8f5c0b2af895e41bcb,2026-08-22T11:00:00Z,Wuhan Three Towns,Tianjin Jinmen Tiger FC,Wuhan Three Towns,Tianjin Jinmen Tiger,2.17,3.73,3.21,pinnacle,h2h,us,2026-08-22T10:02:39Z,2026-08-22T10:02:44Z,close,24,pre-kickoff close tick @ 2026-08-22T10:02:44.784523+00:00
1ab8849d49e9fa8f5c0b2af895e41bcb,2026-08-22T11:00:00Z,Wuhan Three Towns,Tianjin Jinmen Tiger FC,Wuhan Three Towns,Tianjin Jinmen Tiger,2.22,3.75,3.3,betfair_ex_eu,h2h,us,2026-08-22T10:02:39Z,2026-08-22T10:02:44Z,close,24,pre-kickoff close tick @ 2026-08-22T10:02:44.784523+00:00
1ab8849d49e9fa8f5c0b2af895e41bcb,2026-08-22T11:00:00Z,Wuhan Three Towns,Tianjin Jinmen Tiger FC,Wuhan Three Towns,Tianjin Jinmen Tiger,2.22,3.75,3.3,betfair_ex_uk,h2h,us,2026-08-22T10:02:39Z,2026-08-22T10:02:44Z,close,24,pre-kickoff close tick @ 2026-08-22T10:02:44.784523+00:00
1ab8849d49e9fa8f5c0b2af895e41bcb,2026-08-22T11:00:00Z,Wuhan Three Towns,Tianjin Jinmen Tiger FC,Wuhan Three Towns,Tianjin Jinmen Tiger,2.22,3.75,3.3,matchbook,h2h,us,2026-08-22T10:02:39Z,2026-08-22T10:02:44Z,close,24,pre-kickoff close tick @ 2026-08-22T10:02:44.784523+00:00
1ab8849d49e9fa8f5c0b2af895e41bcb,2026-08-22T11:00:00Z,Wuhan Three Towns,Tianjin Jinmen Tiger FC,Wuhan Three Towns,Tianjin Jinmen Tiger,2.05,3.78,3.48,pinnacle,h2h,us,2026-08-22T10:37:25Z,2026-08-22T10:37:25Z,close,24,pre-kickoff close tick @ 2026-08-22T10:37:24.979123+00:00
1ab8849d49e9fa8f5c0b2af895e41bcb,2026-08-22T11:00:00Z,Wuhan Three Towns,Tianjin Jinmen Tiger FC,Wuhan Three Towns,Tianjin Jinmen Tiger,2.14,3.75,3.6,betfair_ex_eu,h2h,us,2026-08-22T10:37:03Z,2026-08-22T10:37:25Z,close,24,pre-kickoff close tick @ 2026-08-22T10:37:24.979123+00:00
1ab8849d49e9fa8f5c0b2af895e41bcb,2026-08-22T11:00:00Z,Wuhan Three Towns,Tianjin Jinmen Tiger FC,Wuhan Three Towns,Tianjin Jinmen Tiger,2.14,3.75,3.6,betfair_ex_uk,h2h,us,2026-08-22T10:37:05Z,2026-08-22T10:37:25Z,close,24,pre-kickoff close tick @ 2026-08-22T10:37:24.979123+00:00
1ab8849d49e9fa8f5c0b2af895e41bcb,2026-08-22T11:00:00Z,Wuhan Three Towns,Tianjin Jinmen Tiger FC,Wuhan Three Towns,Tianjin Jinmen Tiger,2.14,3.75,3.6,matchbook,h2h,us,2026-08-22T10:37:04Z,2026-08-22T10:37:25Z,close,24,pre-kickoff close tick @ 2026-08-22T10:37:24.979123+00:00
5fe1788f9c7fc0a706ea7771450360bc,2026-08-22T11:35:00Z,Chengdu Rongcheng FC,Shanghai Shenhua FC,Chengdu Rongcheng,Shanghai Shenhua,1.85,4.21,3.78,pinnacle,h2h,us,2026-08-22T10:37:25Z,2026-08-22T10:37:25Z,close,24,pre-kickoff close tick @ 2026-08-22T10:37:24.979123+00:00
5fe1788f9c7fc0a706ea7771450360bc,2026-08-22T11:35:00Z,Chengdu Rongcheng FC,Shanghai Shenhua FC,Chengdu Rongcheng,Shanghai Shenhua,1.88,4.3,3.9,betfair_ex_eu,h2h,us,2026-08-22T10:37:03Z,2026-08-22T10:37:25Z,close,24,pre-kickoff close tick @ 2026-08-22T10:37:24.979123+00:00
5fe1788f9c7fc0a706ea7771450360bc,2026-08-22T11:35:00Z,Chengdu Rongcheng FC,Shanghai Shenhua FC,Chengdu Rongcheng,Shanghai Shenhua,1.88,4.3,3.9,betfair_ex_uk,h2h,us,2026-08-22T10:37:05Z,2026-08-22T10:37:25Z,close,24,pre-kickoff close tick @ 2026-08-22T10:37:24.979123+00:00
5fe1788f9c7fc0a706ea7771450360bc,2026-08-22T11:35:00Z,Chengdu Rongcheng FC,Shanghai Shenhua FC,Chengdu Rongcheng,Shanghai Shenhua,1.88,4.3,3.9,matchbook,h2h,us,2026-08-22T10:37:04Z,2026-08-22T10:37:25Z,close,24,pre-kickoff close tick @ 2026-08-22T10:37:24.979123+00:00
d623847250ae38688fb81516f47ba160,2026-08-22T11:35:00Z,Shenzhen Peng City FC,Zhejiang,Shenzhen Xinpengcheng,Zhejiang Professional,2.62,3.82,2.53,pinnacle,h2h,us,2026-08-22T10:37:25Z,2026-08-22T10:37:25Z,close,24,pre-kickoff close tick @ 2026-08-22T10:37:24.979123+00:00
d623847250ae38688fb81516f47ba160,2026-08-22T11:35:00Z,Shenzhen Peng City FC,Zhejiang,Shenzhen Xinpengcheng,Zhejiang Professional,2.64,3.95,2.54,betfair_ex_eu,h2h,us,2026-08-22T10:37:03Z,2026-08-22T10:37:25Z,close,24,pre-kickoff close tick @ 2026-08-22T10:37:24.979123+00:00
d623847250ae38688fb81516f47ba160,2026-08-22T11:35:00Z,Shenzhen Peng City FC,Zhejiang,Shenzhen Xinpengcheng,Zhejiang Professional,2.66,4.0,2.56,betfair_ex_uk,h2h,us,2026-08-22T10:37:05Z,2026-08-22T10:37:25Z,close,24,pre-kickoff close tick @ 2026-08-22T10:37:24.979123+00:00
d623847250ae38688fb81516f47ba160,2026-08-22T11:35:00Z,Shenzhen Peng City FC,Zhejiang,Shenzhen Xinpengcheng,Zhejiang Professional,2.64,4.0,2.58,matchbook,h2h,us,2026-08-22T10:37:04Z,2026-08-22T10:37:25Z,close,24,pre-kickoff close tick @ 2026-08-22T10:37:24.979123+00:00
1ab8849d49e9fa8f5c0b2af895e41bcb,2026-08-22T11:00:00Z,Wuhan Three Towns,Tianjin Jinmen Tiger FC,Wuhan Three Towns,Tianjin Jinmen Tiger,2.05,3.62,3.63,pinnacle,h2h,us,2026-08-22T10:57:59Z,2026-08-22T10:58:08Z,close,24,pre-kickoff close tick @ 2026-08-22T10:58:08.729791+00:00
1ab8849d49e9fa8f5c0b2af895e41bcb,2026-08-22T11:00:00Z,Wuhan Three Towns,Tianjin Jinmen Tiger FC,Wuhan Three Towns,Tianjin Jinmen Tiger,2.08,3.7,3.7,betfair_ex_eu,h2h,us,2026-08-22T10:58:00Z,2026-08-22T10:58:08Z,close,24,pre-kickoff close tick @ 2026-08-22T10:58:08.729791+00:00
1ab8849d49e9fa8f5c0b2af895e41bcb,2026-08-22T11:00:00Z,Wuhan Three Towns,Tianjin Jinmen Tiger FC,Wuhan Three Towns,Tianjin Jinmen Tiger,2.06,3.75,3.9,betfair_ex_uk,h2h,us,2026-08-22T10:57:59Z,2026-08-22T10:58:08Z,close,24,pre-kickoff close tick @ 2026-08-22T10:58:08.729791+00:00
1ab8849d49e9fa8f5c0b2af895e41bcb,2026-08-22T11:00:00Z,Wuhan Three Towns,Tianjin Jinmen Tiger FC,Wuhan Three Towns,Tianjin Jinmen Tiger,2.06,3.7,3.85,matchbook,h2h,us,2026-08-22T10:58:01Z,2026-08-22T10:58:08Z,close,24,pre-kickoff close tick @ 2026-08-22T10:58:08.729791+00:00
5fe1788f9c7fc0a706ea7771450360bc,2026-08-22T11:35:00Z,Chengdu Rongcheng FC,Shanghai Shenhua FC,Chengdu Rongcheng,Shanghai Shenhua,1.85,4.21,3.8,pinnacle,h2h,us,2026-08-22T10:57:59Z,2026-08-22T10:58:08Z,close,24,pre-kickoff close tick @ 2026-08-22T10:58:08.729791+00:00
5fe1788f9c7fc0a706ea7771450360bc,2026-08-22T11:35:00Z,Chengdu Rongcheng FC,Shanghai Shenhua FC,Chengdu Rongcheng,Shanghai Shenhua,1.9,4.3,3.9,betfair_ex_eu,h2h,us,2026-08-22T10:58:00Z,2026-08-22T10:58:08Z,close,24,pre-kickoff close tick @ 2026-08-22T10:58:08.729791+00:00
5fe1788f9c7fc0a706ea7771450360bc,2026-08-22T11:35:00Z,Chengdu Rongcheng FC,Shanghai Shenhua FC,Chengdu Rongcheng,Shanghai Shenhua,1.9,4.3,3.9,betfair_ex_uk,h2h,us,2026-08-22T10:57:59Z,2026-08-22T10:58:08Z,close,24,pre-kickoff close tick @ 2026-08-22T10:58:08.729791+00:00
5fe1788f9c7fc0a706ea7771450360bc,2026-08-22T11:35:00Z,Chengdu Rongcheng FC,Shanghai Shenhua FC,Chengdu Rongcheng,Shanghai Shenhua,1.9,4.3,3.9,matchbook,h2h,us,2026-08-22T10:58:01Z,2026-08-22T10:58:08Z,close,24,pre-kickoff close tick @ 2026-08-22T10:58:08.729791+00:00
d623847250ae38688fb81516f47ba160,2026-08-22T11:35:00Z,Shenzhen Peng City FC,Zhejiang,Shenzhen Xinpengcheng,Zhejiang Professional,2.62,3.88,2.51,pinnacle,h2h,us,2026-08-22T10:57:59Z,2026-08-22T10:58:08Z,close,24,pre-kickoff close tick @ 2026-08-22T10:58:08.729791+00:00
d623847250ae38688fb81516f47ba160,2026-08-22T11:35:00Z,Shenzhen Peng City FC,Zhejiang,Shenzhen Xinpengcheng,Zhejiang Professional,2.68,3.95,2.56,betfair_ex_eu,h2h,us,2026-08-22T10:58:00Z,2026-08-22T10:58:08Z,close,24,pre-kickoff close tick @ 2026-08-22T10:58:08.729791+00:00
d623847250ae38688fb81516f47ba160,2026-08-22T11:35:00Z,Shenzhen Peng City FC,Zhejiang,Shenzhen Xinpengcheng,Zhejiang Professional,2.76,3.95,2.56,betfair_ex_uk,h2h,us,2026-08-22T10:57:59Z,2026-08-22T10:58:08Z,close,24,pre-kickoff close tick @ 2026-08-22T10:58:08.729791+00:00
d623847250ae38688fb81516f47ba160,2026-08-22T11:35:00Z,Shenzhen Peng City FC,Zhejiang,Shenzhen Xinpengcheng,Zhejiang Professional,2.72,3.95,2.56,matchbook,h2h,us,2026-08-22T10:58:01Z,2026-08-22T10:58:08Z,close,24,pre-kickoff close tick @ 2026-08-22T10:58:08.729791+00:00
5fe1788f9c7fc0a706ea7771450360bc,2026-08-22T11:35:00Z,Chengdu Rongcheng FC,Shanghai Shenhua FC,Chengdu Rongcheng,Shanghai Shenhua,1.85,4.21,3.8,pinnacle,h2h,us,2026-08-22T11:10:15Z,2026-08-22T11:10:37Z,close,24,pre-kickoff close tick @ 2026-08-22T11:10:37.517205+00:00
5fe1788f9c7fc0a706ea7771450360bc,2026-08-22T11:35:00Z,Chengdu Rongcheng FC,Shanghai Shenhua FC,Chengdu Rongcheng,Shanghai Shenhua,1.9,4.3,3.95,betfair_ex_eu,h2h,us,2026-08-22T11:10:36Z,2026-08-22T11:10:37Z,close,24,pre-kickoff close tick @ 2026-08-22T11:10:37.517205+00:00
5fe1788f9c7fc0a706ea7771450360bc,2026-08-22T11:35:00Z,Chengdu Rongcheng FC,Shanghai Shenhua FC,Chengdu Rongcheng,Shanghai Shenhua,1.9,4.3,3.9,betfair_ex_uk,h2h,us,2026-08-22T11:10:15Z,2026-08-22T11:10:37Z,close,24,pre-kickoff close tick @ 2026-08-22T11:10:37.517205+00:00
5fe1788f9c7fc0a706ea7771450360bc,2026-08-22T11:35:00Z,Chengdu Rongcheng FC,Shanghai Shenhua FC,Chengdu Rongcheng,Shanghai Shenhua,1.9,4.3,3.9,matchbook,h2h,us,2026-08-22T11:10:36Z,2026-08-22T11:10:37Z,close,24,pre-kickoff close tick @ 2026-08-22T11:10:37.517205+00:00
d623847250ae38688fb81516f47ba160,2026-08-22T11:35:00Z,Shenzhen Peng City FC,Zhejiang,Shenzhen Xinpengcheng,Zhejiang Professional,2.67,3.86,2.47,pinnacle,h2h,us,2026-08-22T11:10:15Z,2026-08-22T11:10:37Z,close,24,pre-kickoff close tick @ 2026-08-22T11:10:37.517205+00:00
d623847250ae38688fb81516f47ba160,2026-08-22T11:35:00Z,Shenzhen Peng City FC,Zhejiang,Shenzhen Xinpengcheng,Zhejiang Professional,2.64,3.95,2.6,betfair_ex_eu,h2h,us,2026-08-22T11:10:36Z,2026-08-22T11:10:37Z,close,24,pre-kickoff close tick @ 2026-08-22T11:10:37.517205+00:00
d623847250ae38688fb81516f47ba160,2026-08-22T11:35:00Z,Shenzhen Peng City FC,Zhejiang,Shenzhen Xinpengcheng,Zhejiang Professional,2.64,3.95,2.6,betfair_ex_uk,h2h,us,2026-08-22T11:10:15Z,2026-08-22T11:10:37Z,close,24,pre-kickoff close tick @ 2026-08-22T11:10:37.517205+00:00
d623847250ae38688fb81516f47ba160,2026-08-22T11:35:00Z,Shenzhen Peng City FC,Zhejiang,Shenzhen Xinpengcheng,Zhejiang Professional,2.64,3.95,2.6,matchbook,h2h,us,2026-08-22T11:10:36Z,2026-08-22T11:10:37Z,close,24,pre-kickoff close tick @ 2026-08-22T11:10:37.517205+00:00
e28a4647712faf91068b267ebb12c8ac,2026-08-22T12:00:00Z,Beijing FC,Yunnan Yukun,Beijing Guoan,Yunnan Yukun,1.51,5.19,5.34,pinnacle,h2h,us,2026-08-22T11:10:15Z,2026-08-22T11:10:37Z,close,24,pre-kickoff close tick @ 2026-08-22T11:10:37.517205+00:00
e28a4647712faf91068b267ebb12c8ac,2026-08-22T12:00:00Z,Beijing FC,Yunnan Yukun,Beijing Guoan,Yunnan Yukun,1.53,5.3,5.8,betfair_ex_eu,h2h,us,2026-08-22T11:10:36Z,2026-08-22T11:10:37Z,close,24,pre-kickoff close tick @ 2026-08-22T11:10:37.517205+00:00
e28a4647712faf91068b267ebb12c8ac,2026-08-22T12:00:00Z,Beijing FC,Yunnan Yukun,Beijing Guoan,Yunnan Yukun,1.53,5.3,5.8,betfair_ex_uk,h2h,us,2026-08-22T11:10:15Z,2026-08-22T11:10:37Z,close,24,pre-kickoff close tick @ 2026-08-22T11:10:37.517205+00:00
e28a4647712faf91068b267ebb12c8ac,2026-08-22T12:00:00Z,Beijing FC,Yunnan Yukun,Beijing Guoan,Yunnan Yukun,1.53,5.4,5.8,matchbook,h2h,us,2026-08-22T11:10:36Z,2026-08-22T11:10:37Z,close,24,pre-kickoff close tick @ 2026-08-22T11:10:37.517205+00:00
737d91f3342477f7039577939b8389ac,2026-08-22T12:00:00Z,Qingdao West Coast FC,Shandong Luneng Taishan FC,Qingdao West Coast,Shandong Taishan,2.59,3.55,2.7,pinnacle,h2h,us,2026-08-22T11:10:15Z,2026-08-22T11:10:37Z,close,24,pre-kickoff close tick @ 2026-08-22T11:10:37.517205+00:00
737d91f3342477f7039577939b8389ac,2026-08-22T12:00:00Z,Qingdao West Coast FC,Shandong Luneng Taishan FC,Qingdao West Coast,Shandong Taishan,2.62,3.75,2.76,betfair_ex_eu,h2h,us,2026-08-22T11:10:36Z,2026-08-22T11:10:37Z,close,24,pre-kickoff close tick @ 2026-08-22T11:10:37.517205+00:00
737d91f3342477f7039577939b8389ac,2026-08-22T12:00:00Z,Qingdao West Coast FC,Shandong Luneng Taishan FC,Qingdao West Coast,Shandong Taishan,2.64,3.75,2.78,betfair_ex_uk,h2h,us,2026-08-22T11:10:15Z,2026-08-22T11:10:37Z,close,24,pre-kickoff close tick @ 2026-08-22T11:10:37.517205+00:00
737d91f3342477f7039577939b8389ac,2026-08-22T12:00:00Z,Qingdao West Coast FC,Shandong Luneng Taishan FC,Qingdao West Coast,Shandong Taishan,2.64,3.7,2.76,matchbook,h2h,us,2026-08-22T11:10:36Z,2026-08-22T11:10:37Z,close,24,pre-kickoff close tick @ 2026-08-22T11:10:37.517205+00:00
5fe1788f9c7fc0a706ea7771450360bc,2026-08-22T11:35:00Z,Chengdu Rongcheng FC,Shanghai Shenhua FC,Chengdu Rongcheng,Shanghai Shenhua,1.87,4.19,3.73,pinnacle,h2h,us,2026-08-22T11:20:17Z,2026-08-22T11:20:34Z,close,24,pre-kickoff close tick @ 2026-08-22T11:20:34.587295+00:00
5fe1788f9c7fc0a706ea7771450360bc,2026-08-22T11:35:00Z,Chengdu Rongcheng FC,Shanghai Shenhua FC,Chengdu Rongcheng,Shanghai Shenhua,1.9,4.3,3.95,betfair_ex_eu,h2h,us,2026-08-22T11:20:18Z,2026-08-22T11:20:34Z,close,24,pre-kickoff close tick @ 2026-08-22T11:20:34.587295+00:00
5fe1788f9c7fc0a706ea7771450360bc,2026-08-22T11:35:00Z,Chengdu Rongcheng FC,Shanghai Shenhua FC,Chengdu Rongcheng,Shanghai Shenhua,1.9,4.3,3.95,betfair_ex_uk,h2h,us,2026-08-22T11:20:17Z,2026-08-22T11:20:34Z,close,24,pre-kickoff close tick @ 2026-08-22T11:20:34.587295+00:00
5fe1788f9c7fc0a706ea7771450360bc,2026-08-22T11:35:00Z,Chengdu Rongcheng FC,Shanghai Shenhua FC,Chengdu Rongcheng,Shanghai Shenhua,1.9,4.3,3.95,matchbook,h2h,us,2026-08-22T11:20:19Z,2026-08-22T11:20:34Z,close,24,pre-kickoff close tick @ 2026-08-22T11:20:34.587295+00:00
d623847250ae38688fb81516f47ba160,2026-08-22T11:35:00Z,Shenzhen Peng City FC,Zhejiang,Shenzhen Xinpengcheng,Zhejiang Professional,2.58,3.91,2.53,pinnacle,h2h,us,2026-08-22T11:20:17Z,2026-08-22T11:20:34Z,close,24,pre-kickoff close tick @ 2026-08-22T11:20:34.587295+00:00
d623847250ae38688fb81516f47ba160,2026-08-22T11:35:00Z,Shenzhen Peng City FC,Zhejiang,Shenzhen Xinpengcheng,Zhejiang Professional,2.6,4.0,2.64,betfair_ex_eu,h2h,us,2026-08-22T11:20:18Z,2026-08-22T11:20:34Z,close,24,pre-kickoff close tick @ 2026-08-22T11:20:34.587295+00:00
d623847250ae38688fb81516f47ba160,2026-08-22T11:35:00Z,Shenzhen Peng City FC,Zhejiang,Shenzhen Xinpengcheng,Zhejiang Professional,2.6,4.0,2.64,betfair_ex_uk,h2h,us,2026-08-22T11:20:17Z,2026-08-22T11:20:34Z,close,24,pre-kickoff close tick @ 2026-08-22T11:20:34.587295+00:00
d623847250ae38688fb81516f47ba160,2026-08-22T11:35:00Z,Shenzhen Peng City FC,Zhejiang,Shenzhen Xinpengcheng,Zhejiang Professional,2.62,4.0,2.64,matchbook,h2h,us,2026-08-22T11:20:19Z,2026-08-22T11:20:34Z,close,24,pre-kickoff close tick @ 2026-08-22T11:20:34.587295+00:00
e28a4647712faf91068b267ebb12c8ac,2026-08-22T12:00:00Z,Beijing FC,Yunnan Yukun,Beijing Guoan,Yunnan Yukun,1.5,5.2,5.35,pinnacle,h2h,us,2026-08-22T11:20:17Z,2026-08-22T11:20:34Z,close,24,pre-kickoff close tick @ 2026-08-22T11:20:34.587295+00:00
e28a4647712faf91068b267ebb12c8ac,2026-08-22T12:00:00Z,Beijing FC,Yunnan Yukun,Beijing Guoan,Yunnan Yukun,1.53,5.4,5.8,betfair_ex_eu,h2h,us,2026-08-22T11:20:18Z,2026-08-22T11:20:34Z,close,24,pre-kickoff close tick @ 2026-08-22T11:20:34.587295+00:00
e28a4647712faf91068b267ebb12c8ac,2026-08-22T12:00:00Z,Beijing FC,Yunnan Yukun,Beijing Guoan,Yunnan Yukun,1.53,5.4,5.8,betfair_ex_uk,h2h,us,2026-08-22T11:20:17Z,2026-08-22T11:20:34Z,close,24,pre-kickoff close tick @ 2026-08-22T11:20:34.587295+00:00
e28a4647712faf91068b267ebb12c8ac,2026-08-22T12:00:00Z,Beijing FC,Yunnan Yukun,Beijing Guoan,Yunnan Yukun,1.53,5.5,5.8,matchbook,h2h,us,2026-08-22T11:20:19Z,2026-08-22T11:20:34Z,close,24,pre-kickoff close tick @ 2026-08-22T11:20:34.587295+00:00
737d91f3342477f7039577939b8389ac,2026-08-22T12:00:00Z,Qingdao West Coast FC,Shandong Luneng Taishan FC,Qingdao West Coast,Shandong Taishan,2.57,3.5,2.74,pinnacle,h2h,us,2026-08-22T11:20:17Z,2026-08-22T11:20:34Z,close,24,pre-kickoff close tick @ 2026-08-22T11:20:34.587295+00:00
737d91f3342477f7039577939b8389ac,2026-08-22T12:00:00Z,Qingdao West Coast FC,Shandong Luneng Taishan FC,Qingdao West Coast,Shandong Taishan,2.64,3.75,2.76,betfair_ex_eu,h2h,us,2026-08-22T11:20:18Z,2026-08-22T11:20:34Z,close,24,pre-kickoff close tick @ 2026-08-22T11:20:34.587295+00:00
737d91f3342477f7039577939b8389ac,2026-08-22T12:00:00Z,Qingdao West Coast FC,Shandong Luneng Taishan FC,Qingdao West Coast,Shandong Taishan,2.64,3.75,2.76,betfair_ex_uk,h2h,us,2026-08-22T11:20:17Z,2026-08-22T11:20:34Z,close,24,pre-kickoff close tick @ 2026-08-22T11:20:34.587295+00:00
737d91f3342477f7039577939b8389ac,2026-08-22T12:00:00Z,Qingdao West Coast FC,Shandong Luneng Taishan FC,Qingdao West Coast,Shandong Taishan,2.64,3.7,2.78,matchbook,h2h,us,2026-08-22T11:20:19Z,2026-08-22T11:20:34Z,close,24,pre-kickoff close tick @ 2026-08-22T11:20:34.587295+00:00
5fe1788f9c7fc0a706ea7771450360bc,2026-08-22T11:35:00Z,Chengdu Rongcheng FC,Shanghai Shenhua FC,Chengdu Rongcheng,Shanghai Shenhua,1.87,4.19,3.73,pinnacle,h2h,us,2026-08-22T11:25:26Z,2026-08-22T11:25:33Z,close,24,pre-kickoff close tick @ 2026-08-22T11:25:32.775054+00:00
5fe1788f9c7fc0a706ea7771450360bc,2026-08-22T11:35:00Z,Chengdu Rongcheng FC,Shanghai Shenhua FC,Chengdu Rongcheng,Shanghai Shenhua,1.9,4.3,3.95,betfair_ex_eu,h2h,us,2026-08-22T11:25:25Z,2026-08-22T11:25:33Z,close,24,pre-kickoff close tick @ 2026-08-22T11:25:32.775054+00:00
5fe1788f9c7fc0a706ea7771450360bc,2026-08-22T11:35:00Z,Chengdu Rongcheng FC,Shanghai Shenhua FC,Chengdu Rongcheng,Shanghai Shenhua,1.9,4.3,3.95,betfair_ex_uk,h2h,us,2026-08-22T11:25:25Z,2026-08-22T11:25:33Z,close,24,pre-kickoff close tick @ 2026-08-22T11:25:32.775054+00:00
5fe1788f9c7fc0a706ea7771450360bc,2026-08-22T11:35:00Z,Chengdu Rongcheng FC,Shanghai Shenhua FC,Chengdu Rongcheng,Shanghai Shenhua,1.9,4.3,3.95,matchbook,h2h,us,2026-08-22T11:25:25Z,2026-08-22T11:25:33Z,close,24,pre-kickoff close tick @ 2026-08-22T11:25:32.775054+00:00
d623847250ae38688fb81516f47ba160,2026-08-22T11:35:00Z,Shenzhen Peng City FC,Zhejiang,Shenzhen Xinpengcheng,Zhejiang Professional,2.58,3.91,2.53,pinnacle,h2h,us,2026-08-22T11:25:26Z,2026-08-22T11:25:33Z,close,24,pre-kickoff close tick @ 2026-08-22T11:25:32.775054+00:00
d623847250ae38688fb81516f47ba160,2026-08-22T11:35:00Z,Shenzhen Peng City FC,Zhejiang,Shenzhen Xinpengcheng,Zhejiang Professional,2.62,4.0,2.64,betfair_ex_eu,h2h,us,2026-08-22T11:25:25Z,2026-08-22T11:25:33Z,close,24,pre-kickoff close tick @ 2026-08-22T11:25:32.775054+00:00
d623847250ae38688fb81516f47ba160,2026-08-22T11:35:00Z,Shenzhen Peng City FC,Zhejiang,Shenzhen Xinpengcheng,Zhejiang Professional,2.6,4.0,2.64,betfair_ex_uk,h2h,us,2026-08-22T11:25:25Z,2026-08-22T11:25:33Z,close,24,pre-kickoff close tick @ 2026-08-22T11:25:32.775054+00:00
d623847250ae38688fb81516f47ba160,2026-08-22T11:35:00Z,Shenzhen Peng City FC,Zhejiang,Shenzhen Xinpengcheng,Zhejiang Professional,2.62,4.0,2.64,matchbook,h2h,us,2026-08-22T11:25:25Z,2026-08-22T11:25:33Z,close,24,pre-kickoff close tick @ 2026-08-22T11:25:32.775054+00:00
e28a4647712faf91068b267ebb12c8ac,2026-08-22T12:00:00Z,Beijing FC,Yunnan Yukun,Beijing Guoan,Yunnan Yukun,1.5,5.2,5.35,pinnacle,h2h,us,2026-08-22T11:25:26Z,2026-08-22T11:25:33Z,close,24,pre-kickoff close tick @ 2026-08-22T11:25:32.775054+00:00
e28a4647712faf91068b267ebb12c8ac,2026-08-22T12:00:00Z,Beijing FC,Yunnan Yukun,Beijing Guoan,Yunnan Yukun,1.54,5.4,5.7,betfair_ex_eu,h2h,us,2026-08-22T11:25:25Z,2026-08-22T11:25:33Z,close,24,pre-kickoff close tick @ 2026-08-22T11:25:32.775054+00:00
e28a4647712faf91068b267ebb12c8ac,2026-08-22T12:00:00Z,Beijing FC,Yunnan Yukun,Beijing Guoan,Yunnan Yukun,1.54,5.4,5.5,betfair_ex_uk,h2h,us,2026-08-22T11:25:25Z,2026-08-22T11:25:33Z,close,24,pre-kickoff close tick @ 2026-08-22T11:25:32.775054+00:00
e28a4647712faf91068b267ebb12c8ac,2026-08-22T12:00:00Z,Beijing FC,Yunnan Yukun,Beijing Guoan,Yunnan Yukun,1.54,5.4,5.8,matchbook,h2h,us,2026-08-22T11:25:25Z,2026-08-22T11:25:33Z,close,24,pre-kickoff close tick @ 2026-08-22T11:25:32.775054+00:00
737d91f3342477f7039577939b8389ac,2026-08-22T12:00:00Z,Qingdao West Coast FC,Shandong Luneng Taishan FC,Qingdao West Coast,Shandong Taishan,2.57,3.5,2.74,pinnacle,h2h,us,2026-08-22T11:25:26Z,2026-08-22T11:25:33Z,close,24,pre-kickoff close tick @ 2026-08-22T11:25:32.775054+00:00
737d91f3342477f7039577939b8389ac,2026-08-22T12:00:00Z,Qingdao West Coast FC,Shandong Luneng Taishan FC,Qingdao West Coast,Shandong Taishan,2.64,3.75,2.76,betfair_ex_eu,h2h,us,2026-08-22T11:25:25Z,2026-08-22T11:25:33Z,close,24,pre-kickoff close tick @ 2026-08-22T11:25:32.775054+00:00
737d91f3342477f7039577939b8389ac,2026-08-22T12:00:00Z,Qingdao West Coast FC,Shandong Luneng Taishan FC,Qingdao West Coast,Shandong Taishan,2.64,3.75,2.76,betfair_ex_uk,h2h,us,2026-08-22T11:25:25Z,2026-08-22T11:25:33Z,close,24,pre-kickoff close tick @ 2026-08-22T11:25:32.775054+00:00
737d91f3342477f7039577939b8389ac,2026-08-22T12:00:00Z,Qingdao West Coast FC,Shandong Luneng Taishan FC,Qingdao West Coast,Shandong Taishan,2.64,3.7,2.76,matchbook,h2h,us,2026-08-22T11:25:25Z,2026-08-22T11:25:33Z,close,24,pre-kickoff close tick @ 2026-08-22T11:25:32.775054+00:00
e28a4647712faf91068b267ebb12c8ac,2026-08-22T12:00:00Z,Beijing FC,Yunnan Yukun,Beijing Guoan,Yunnan Yukun,1.52,5.14,5.2,pinnacle,h2h,us,2026-08-22T11:45:42Z,2026-08-22T11:45:51Z,close,24,pre-kickoff close tick @ 2026-08-22T11:45:51.346371+00:00
e28a4647712faf91068b267ebb12c8ac,2026-08-22T12:00:00Z,Beijing FC,Yunnan Yukun,Beijing Guoan,Yunnan Yukun,1.53,5.5,5.7,betfair_ex_eu,h2h,us,2026-08-22T11:45:43Z,2026-08-22T11:45:51Z,close,24,pre-kickoff close tick @ 2026-08-22T11:45:51.346371+00:00
e28a4647712faf91068b267ebb12c8ac,2026-08-22T12:00:00Z,Beijing FC,Yunnan Yukun,Beijing Guoan,Yunnan Yukun,1.53,5.5,5.7,betfair_ex_uk,h2h,us,2026-08-22T11:45:43Z,2026-08-22T11:45:51Z,close,24,pre-kickoff close tick @ 2026-08-22T11:45:51.346371+00:00
e28a4647712faf91068b267ebb12c8ac,2026-08-22T12:00:00Z,Beijing FC,Yunnan Yukun,Beijing Guoan,Yunnan Yukun,1.53,5.5,5.8,matchbook,h2h,us,2026-08-22T11:45:43Z,2026-08-22T11:45:51Z,close,24,pre-kickoff close tick @ 2026-08-22T11:45:51.346371+00:00
737d91f3342477f7039577939b8389ac,2026-08-22T12:00:00Z,Qingdao West Coast FC,Shandong Luneng Taishan FC,Qingdao West Coast,Shandong Taishan,2.52,3.5,2.81,pinnacle,h2h,us,2026-08-22T11:45:42Z,2026-08-22T11:45:51Z,close,24,pre-kickoff close tick @ 2026-08-22T11:45:51.346371+00:00
737d91f3342477f7039577939b8389ac,2026-08-22T12:00:00Z,Qingdao West Coast FC,Shandong Luneng Taishan FC,Qingdao West Coast,Shandong Taishan,2.6,3.6,2.86,betfair_ex_eu,h2h,us,2026-08-22T11:45:43Z,2026-08-22T11:45:51Z,close,24,pre-kickoff close tick @ 2026-08-22T11:45:51.346371+00:00
737d91f3342477f7039577939b8389ac,2026-08-22T12:00:00Z,Qingdao West Coast FC,Shandong Luneng Taishan FC,Qingdao West Coast,Shandong Taishan,2.6,3.6,2.86,betfair_ex_uk,h2h,us,2026-08-22T11:45:43Z,2026-08-22T11:45:51Z,close,24,pre-kickoff close tick @ 2026-08-22T11:45:51.346371+00:00
737d91f3342477f7039577939b8389ac,2026-08-22T12:00:00Z,Qingdao West Coast FC,Shandong Luneng Taishan FC,Qingdao West Coast,Shandong Taishan,2.62,3.65,2.86,matchbook,h2h,us,2026-08-22T11:45:43Z,2026-08-22T11:45:51Z,close,24,pre-kickoff close tick @ 2026-08-22T11:45:51.346371+00:00
oddsapiio:68995352,2026-08-29T11:00:00Z,Zhejiang FC,Yunnan Yukun,Zhejiang Professional,Yunnan Yukun,2.04,4.12,3.125,onexbet,h2h,oddsapiio,2026-08-22T12:35:41.933Z,2026-08-22T12:53:13Z,open,25,odds-api.io first-seen open price @ 2026-08-22T12:53:13.090017+00:00
oddsapiio:68995352,2026-08-29T11:00:00Z,Zhejiang FC,Yunnan Yukun,Zhejiang Professional,Yunnan Yukun,2.0,4.5,3.2,duel,h2h,oddsapiio,2026-08-22T12:31:51.27Z,2026-08-22T12:53:13Z,open,25,odds-api.io first-seen open price @ 2026-08-22T12:53:13.090017+00:00
oddsapiio:68995358,2026-08-28T11:35:00Z,Shanghai Shenhua FC,Shandong Taishan FC,Shanghai Shenhua,Shandong Taishan,1.816,4.12,3.82,onexbet,h2h,oddsapiio,2026-08-22T12:35:41.933Z,2026-08-22T12:53:13Z,open,25,odds-api.io first-seen open price @ 2026-08-22T12:53:13.090017+00:00
oddsapiio:68995358,2026-08-28T11:35:00Z,Shanghai Shenhua FC,Shandong Taishan FC,Shanghai Shenhua,Shandong Taishan,1.85,4.3,3.9,duel,h2h,oddsapiio,2026-08-22T12:44:57.302Z,2026-08-22T12:53:13Z,open,25,odds-api.io first-seen open price @ 2026-08-22T12:53:13.090017+00:00
oddsapiio:68995354,2026-08-29T11:00:00Z,Tianjin Jinmen Tiger,Qingdao West Coast FC,Tianjin Jinmen Tiger,Qingdao West Coast,1.992,3.42,3.84,onexbet,h2h,oddsapiio,2026-08-22T12:35:41.933Z,2026-08-22T12:53:13Z,open,25,odds-api.io first-seen open price @ 2026-08-22T12:53:13.090017+00:00
oddsapiio:68995354,2026-08-29T11:00:00Z,Tianjin Jinmen Tiger,Qingdao West Coast FC,Tianjin Jinmen Tiger,Qingdao West Coast,2.04,3.7,3.7,duel,h2h,oddsapiio,2026-08-22T12:23:48.006Z,2026-08-22T12:53:13Z,open,25,odds-api.io first-seen open price @ 2026-08-22T12:53:13.090017+00:00
45d3d91486c7d4d0c6434d24156b5835,2026-08-28T11:35:00Z,Shanghai Shenhua FC,Shandong Luneng Taishan FC,Shanghai Shenhua,Shandong Taishan,1.79,4.1,3.76,pinnacle,h2h,us,2026-08-22T12:53:34Z,2026-08-22T12:53:35Z,open,25,scheduler open-window tick @ 2026-08-22T12:53:35.811785+00:00
860b8318982255c491ea4523588c9fa7,2026-08-29T11:00:00Z,Tianjin Jinmen Tiger FC,Qingdao West Coast FC,Tianjin Jinmen Tiger,Qingdao West Coast,1.97,3.43,3.73,pinnacle,h2h,us,2026-08-22T12:53:34Z,2026-08-22T12:53:35Z,open,25,scheduler open-window tick @ 2026-08-22T12:53:35.811785+00:00
2223f4675654c5bebe5341c35f84c17d,2026-08-29T11:00:00Z,Zhejiang,Yunnan Yukun,Zhejiang Professional,Yunnan Yukun,2.03,3.93,3.11,pinnacle,h2h,us,2026-08-22T12:53:34Z,2026-08-22T12:53:35Z,open,25,scheduler open-window tick @ 2026-08-22T12:53:35.811785+00:00
2488bc03737e0a21cebf97d3b59a83fd,2026-08-23T11:00:00Z,Liaoning Tieren FC,Henan FC,Liaoning Tieren,Henan Songshan Longmen,2.95,3.62,2.36,pinnacle,h2h,us,2026-08-23T10:00:52Z,2026-08-23T10:01:14Z,close,24,pre-kickoff close tick @ 2026-08-23T10:01:13.399011+00:00
2488bc03737e0a21cebf97d3b59a83fd,2026-08-23T11:00:00Z,Liaoning Tieren FC,Henan FC,Liaoning Tieren,Henan Songshan Longmen,3.05,3.8,2.38,betfair_ex_uk,h2h,us,2026-08-23T10:00:52Z,2026-08-23T10:01:14Z,close,24,pre-kickoff close tick @ 2026-08-23T10:01:13.399011+00:00
2488bc03737e0a21cebf97d3b59a83fd,2026-08-23T11:00:00Z,Liaoning Tieren FC,Henan FC,Liaoning Tieren,Henan Songshan Longmen,3.05,3.8,2.38,betfair_ex_eu,h2h,us,2026-08-23T10:00:52Z,2026-08-23T10:01:14Z,close,24,pre-kickoff close tick @ 2026-08-23T10:01:13.399011+00:00
2488bc03737e0a21cebf97d3b59a83fd,2026-08-23T11:00:00Z,Liaoning Tieren FC,Henan FC,Liaoning Tieren,Henan Songshan Longmen,3.05,3.8,2.38,matchbook,h2h,us,2026-08-23T10:00:52Z,2026-08-23T10:01:14Z,close,24,pre-kickoff close tick @ 2026-08-23T10:01:13.399011+00:00
2488bc03737e0a21cebf97d3b59a83fd,2026-08-23T11:00:00Z,Liaoning Tieren FC,Henan FC,Liaoning Tieren,Henan Songshan Longmen,2.95,3.62,2.36,pinnacle,h2h,us,2026-08-23T10:10:54Z,2026-08-23T10:11:09Z,close,24,pre-kickoff close tick @ 2026-08-23T10:11:09.242503+00:00
2488bc03737e0a21cebf97d3b59a83fd,2026-08-23T11:00:00Z,Liaoning Tieren FC,Henan FC,Liaoning Tieren,Henan Songshan Longmen,3.05,3.75,2.4,betfair_ex_uk,h2h,us,2026-08-23T10:10:53Z,2026-08-23T10:11:09Z,close,24,pre-kickoff close tick @ 2026-08-23T10:11:09.242503+00:00
2488bc03737e0a21cebf97d3b59a83fd,2026-08-23T11:00:00Z,Liaoning Tieren FC,Henan FC,Liaoning Tieren,Henan Songshan Longmen,3.05,3.75,2.4,betfair_ex_eu,h2h,us,2026-08-23T10:10:54Z,2026-08-23T10:11:09Z,close,24,pre-kickoff close tick @ 2026-08-23T10:11:09.242503+00:00
2488bc03737e0a21cebf97d3b59a83fd,2026-08-23T11:00:00Z,Liaoning Tieren FC,Henan FC,Liaoning Tieren,Henan Songshan Longmen,3.05,3.75,2.4,matchbook,h2h,us,2026-08-23T10:10:55Z,2026-08-23T10:11:09Z,close,24,pre-kickoff close tick @ 2026-08-23T10:11:09.242503+00:00
2488bc03737e0a21cebf97d3b59a83fd,2026-08-23T11:00:00Z,Liaoning Tieren FC,Henan FC,Liaoning Tieren,Henan Songshan Longmen,2.95,3.62,2.36,pinnacle,h2h,us,2026-08-23T10:21:01Z,2026-08-23T10:21:08Z,close,24,pre-kickoff close tick @ 2026-08-23T10:21:08.596210+00:00
2488bc03737e0a21cebf97d3b59a83fd,2026-08-23T11:00:00Z,Liaoning Tieren FC,Henan FC,Liaoning Tieren,Henan Songshan Longmen,3.0,3.75,2.42,betfair_ex_uk,h2h,us,2026-08-23T10:21:01Z,2026-08-23T10:21:08Z,close,24,pre-kickoff close tick @ 2026-08-23T10:21:08.596210+00:00
2488bc03737e0a21cebf97d3b59a83fd,2026-08-23T11:00:00Z,Liaoning Tieren FC,Henan FC,Liaoning Tieren,Henan Songshan Longmen,3.0,3.75,2.42,betfair_ex_eu,h2h,us,2026-08-23T10:21:01Z,2026-08-23T10:21:08Z,close,24,pre-kickoff close tick @ 2026-08-23T10:21:08.596210+00:00
2488bc03737e0a21cebf97d3b59a83fd,2026-08-23T11:00:00Z,Liaoning Tieren FC,Henan FC,Liaoning Tieren,Henan Songshan Longmen,3.0,3.75,2.42,matchbook,h2h,us,2026-08-23T10:21:01Z,2026-08-23T10:21:08Z,close,24,pre-kickoff close tick @ 2026-08-23T10:21:08.596210+00:00
2488bc03737e0a21cebf97d3b59a83fd,2026-08-23T11:00:00Z,Liaoning Tieren FC,Henan FC,Liaoning Tieren,Henan Songshan Longmen,2.95,3.62,2.36,pinnacle,h2h,us,2026-08-23T10:22:20Z,2026-08-23T10:22:35Z,close,24,pre-kickoff close tick @ 2026-08-23T10:22:34.841941+00:00
2488bc03737e0a21cebf97d3b59a83fd,2026-08-23T11:00:00Z,Liaoning Tieren FC,Henan FC,Liaoning Tieren,Henan Songshan Longmen,3.0,3.75,2.42,betfair_ex_uk,h2h,us,2026-08-23T10:22:21Z,2026-08-23T10:22:35Z,close,24,pre-kickoff close tick @ 2026-08-23T10:22:34.841941+00:00
2488bc03737e0a21cebf97d3b59a83fd,2026-08-23T11:00:00Z,Liaoning Tieren FC,Henan FC,Liaoning Tieren,Henan Songshan Longmen,3.0,3.75,2.42,betfair_ex_eu,h2h,us,2026-08-23T10:22:20Z,2026-08-23T10:22:35Z,close,24,pre-kickoff close tick @ 2026-08-23T10:22:34.841941+00:00
2488bc03737e0a21cebf97d3b59a83fd,2026-08-23T11:00:00Z,Liaoning Tieren FC,Henan FC,Liaoning Tieren,Henan Songshan Longmen,3.0,3.75,2.42,matchbook,h2h,us,2026-08-23T10:22:20Z,2026-08-23T10:22:35Z,close,24,pre-kickoff close tick @ 2026-08-23T10:22:34.841941+00:00
2488bc03737e0a21cebf97d3b59a83fd,2026-08-23T11:00:00Z,Liaoning Tieren FC,Henan FC,Liaoning Tieren,Henan Songshan Longmen,2.91,3.6,2.4,pinnacle,h2h,us,2026-08-23T10:30:43Z,2026-08-23T10:31:02Z,close,24,pre-kickoff close tick @ 2026-08-23T10:31:02.741273+00:00
2488bc03737e0a21cebf97d3b59a83fd,2026-08-23T11:00:00Z,Liaoning Tieren FC,Henan FC,Liaoning Tieren,Henan Songshan Longmen,3.0,3.75,2.44,betfair_ex_uk,h2h,us,2026-08-23T10:30:43Z,2026-08-23T10:31:02Z,close,24,pre-kickoff close tick @ 2026-08-23T10:31:02.741273+00:00
2488bc03737e0a21cebf97d3b59a83fd,2026-08-23T11:00:00Z,Liaoning Tieren FC,Henan FC,Liaoning Tieren,Henan Songshan Longmen,3.0,3.75,2.44,betfair_ex_eu,h2h,us,2026-08-23T10:30:43Z,2026-08-23T10:31:02Z,close,24,pre-kickoff close tick @ 2026-08-23T10:31:02.741273+00:00
2488bc03737e0a21cebf97d3b59a83fd,2026-08-23T11:00:00Z,Liaoning Tieren FC,Henan FC,Liaoning Tieren,Henan Songshan Longmen,3.0,3.75,2.48,matchbook,h2h,us,2026-08-23T10:30:43Z,2026-08-23T10:31:02Z,close,24,pre-kickoff close tick @ 2026-08-23T10:31:02.741273+00:00
2488bc03737e0a21cebf97d3b59a83fd,2026-08-23T11:00:00Z,Liaoning Tieren FC,Henan FC,Liaoning Tieren,Henan Songshan Longmen,2.91,3.6,2.4,pinnacle,h2h,us,2026-08-23T10:40:47Z,2026-08-23T10:41:06Z,close,24,pre-kickoff close tick @ 2026-08-23T10:41:06.143220+00:00
2488bc03737e0a21cebf97d3b59a83fd,2026-08-23T11:00:00Z,Liaoning Tieren FC,Henan FC,Liaoning Tieren,Henan Songshan Longmen,3.0,3.7,2.44,betfair_ex_uk,h2h,us,2026-08-23T10:41:05Z,2026-08-23T10:41:06Z,close,24,pre-kickoff close tick @ 2026-08-23T10:41:06.143220+00:00
2488bc03737e0a21cebf97d3b59a83fd,2026-08-23T11:00:00Z,Liaoning Tieren FC,Henan FC,Liaoning Tieren,Henan Songshan Longmen,3.0,3.7,2.44,betfair_ex_eu,h2h,us,2026-08-23T10:41:05Z,2026-08-23T10:41:06Z,close,24,pre-kickoff close tick @ 2026-08-23T10:41:06.143220+00:00
2488bc03737e0a21cebf97d3b59a83fd,2026-08-23T11:00:00Z,Liaoning Tieren FC,Henan FC,Liaoning Tieren,Henan Songshan Longmen,2.98,3.7,2.46,matchbook,h2h,us,2026-08-23T10:41:06Z,2026-08-23T10:41:06Z,close,24,pre-kickoff close tick @ 2026-08-23T10:41:06.143220+00:00
4b476ca9985a02742b9e536d0ea8e29e,2026-08-23T11:35:00Z,Shanghai SIPG FC,Qingdao Hainiu FC,Shanghai Port,Qingdao Hainiu,1.32,6.0,8.48,pinnacle,h2h,us,2026-08-23T10:40:47Z,2026-08-23T10:41:06Z,close,24,pre-kickoff close tick @ 2026-08-23T10:41:06.143220+00:00
4b476ca9985a02742b9e536d0ea8e29e,2026-08-23T11:35:00Z,Shanghai SIPG FC,Qingdao Hainiu FC,Shanghai Port,Qingdao Hainiu,1.36,6.2,8.6,betfair_ex_uk,h2h,us,2026-08-23T10:41:05Z,2026-08-23T10:41:06Z,close,24,pre-kickoff close tick @ 2026-08-23T10:41:06.143220+00:00
4b476ca9985a02742b9e536d0ea8e29e,2026-08-23T11:35:00Z,Shanghai SIPG FC,Qingdao Hainiu FC,Shanghai Port,Qingdao Hainiu,1.36,6.2,8.6,betfair_ex_eu,h2h,us,2026-08-23T10:41:05Z,2026-08-23T10:41:06Z,close,24,pre-kickoff close tick @ 2026-08-23T10:41:06.143220+00:00
4b476ca9985a02742b9e536d0ea8e29e,2026-08-23T11:35:00Z,Shanghai SIPG FC,Qingdao Hainiu FC,Shanghai Port,Qingdao Hainiu,1.36,6.2,8.6,matchbook,h2h,us,2026-08-23T10:41:06Z,2026-08-23T10:41:06Z,close,24,pre-kickoff close tick @ 2026-08-23T10:41:06.143220+00:00
2488bc03737e0a21cebf97d3b59a83fd,2026-08-23T11:00:00Z,Liaoning Tieren FC,Henan FC,Liaoning Tieren,Henan Songshan Longmen,2.89,3.61,2.4,pinnacle,h2h,us,2026-08-23T10:50:32Z,2026-08-23T10:50:33Z,close,24,pre-kickoff close tick @ 2026-08-23T10:50:33.014434+00:00
2488bc03737e0a21cebf97d3b59a83fd,2026-08-23T11:00:00Z,Liaoning Tieren FC,Henan FC,Liaoning Tieren,Henan Songshan Longmen,2.92,3.7,2.54,betfair_ex_uk,h2h,us,2026-08-23T10:50:32Z,2026-08-23T10:50:33Z,close,24,pre-kickoff close tick @ 2026-08-23T10:50:33.014434+00:00
2488bc03737e0a21cebf97d3b59a83fd,2026-08-23T11:00:00Z,Liaoning Tieren FC,Henan FC,Liaoning Tieren,Henan Songshan Longmen,2.94,3.7,2.48,betfair_ex_eu,h2h,us,2026-08-23T10:50:32Z,2026-08-23T10:50:33Z,close,24,pre-kickoff close tick @ 2026-08-23T10:50:33.014434+00:00
2488bc03737e0a21cebf97d3b59a83fd,2026-08-23T11:00:00Z,Liaoning Tieren FC,Henan FC,Liaoning Tieren,Henan Songshan Longmen,2.94,3.7,2.54,matchbook,h2h,us,2026-08-23T10:50:32Z,2026-08-23T10:50:33Z,close,24,pre-kickoff close tick @ 2026-08-23T10:50:33.014434+00:00
4b476ca9985a02742b9e536d0ea8e29e,2026-08-23T11:35:00Z,Shanghai SIPG FC,Qingdao Hainiu FC,Shanghai Port,Qingdao Hainiu,1.32,6.01,8.43,pinnacle,h2h,us,2026-08-23T10:50:32Z,2026-08-23T10:50:33Z,close,24,pre-kickoff close tick @ 2026-08-23T10:50:33.014434+00:00
4b476ca9985a02742b9e536d0ea8e29e,2026-08-23T11:35:00Z,Shanghai SIPG FC,Qingdao Hainiu FC,Shanghai Port,Qingdao Hainiu,1.36,6.2,8.6,betfair_ex_uk,h2h,us,2026-08-23T10:50:32Z,2026-08-23T10:50:33Z,close,24,pre-kickoff close tick @ 2026-08-23T10:50:33.014434+00:00
4b476ca9985a02742b9e536d0ea8e29e,2026-08-23T11:35:00Z,Shanghai SIPG FC,Qingdao Hainiu FC,Shanghai Port,Qingdao Hainiu,1.36,6.2,8.6,betfair_ex_eu,h2h,us,2026-08-23T10:50:32Z,2026-08-23T10:50:33Z,close,24,pre-kickoff close tick @ 2026-08-23T10:50:33.014434+00:00
4b476ca9985a02742b9e536d0ea8e29e,2026-08-23T11:35:00Z,Shanghai SIPG FC,Qingdao Hainiu FC,Shanghai Port,Qingdao Hainiu,1.36,6.2,8.6,matchbook,h2h,us,2026-08-23T10:50:32Z,2026-08-23T10:50:33Z,close,24,pre-kickoff close tick @ 2026-08-23T10:50:33.014434+00:00
2488bc03737e0a21cebf97d3b59a83fd,2026-08-23T11:00:00Z,Liaoning Tieren FC,Henan FC,Liaoning Tieren,Henan Songshan Longmen,2.89,3.61,2.4,pinnacle,h2h,us,2026-08-23T10:51:15Z,2026-08-23T10:51:30Z,close,24,pre-kickoff close tick @ 2026-08-23T10:51:30.090010+00:00
2488bc03737e0a21cebf97d3b59a83fd,2026-08-23T11:00:00Z,Liaoning Tieren FC,Henan FC,Liaoning Tieren,Henan Songshan Longmen,2.94,3.7,2.52,betfair_ex_uk,h2h,us,2026-08-23T10:51:16Z,2026-08-23T10:51:30Z,close,24,pre-kickoff close tick @ 2026-08-23T10:51:30.090010+00:00
2488bc03737e0a21cebf97d3b59a83fd,2026-08-23T11:00:00Z,Liaoning Tieren FC,Henan FC,Liaoning Tieren,Henan Songshan Longmen,2.94,3.7,2.54,betfair_ex_eu,h2h,us,2026-08-23T10:51:16Z,2026-08-23T10:51:30Z,close,24,pre-kickoff close tick @ 2026-08-23T10:51:30.090010+00:00
2488bc03737e0a21cebf97d3b59a83fd,2026-08-23T11:00:00Z,Liaoning Tieren FC,Henan FC,Liaoning Tieren,Henan Songshan Longmen,2.94,3.7,2.54,matchbook,h2h,us,2026-08-23T10:51:19Z,2026-08-23T10:51:30Z,close,24,pre-kickoff close tick @ 2026-08-23T10:51:30.090010+00:00
4b476ca9985a02742b9e536d0ea8e29e,2026-08-23T11:35:00Z,Shanghai SIPG FC,Qingdao Hainiu FC,Shanghai Port,Qingdao Hainiu,1.32,6.01,8.43,pinnacle,h2h,us,2026-08-23T10:51:15Z,2026-08-23T10:51:30Z,close,24,pre-kickoff close tick @ 2026-08-23T10:51:30.090010+00:00
4b476ca9985a02742b9e536d0ea8e29e,2026-08-23T11:35:00Z,Shanghai SIPG FC,Qingdao Hainiu FC,Shanghai Port,Qingdao Hainiu,1.36,6.2,8.6,betfair_ex_uk,h2h,us,2026-08-23T10:51:16Z,2026-08-23T10:51:30Z,close,24,pre-kickoff close tick @ 2026-08-23T10:51:30.090010+00:00
4b476ca9985a02742b9e536d0ea8e29e,2026-08-23T11:35:00Z,Shanghai SIPG FC,Qingdao Hainiu FC,Shanghai Port,Qingdao Hainiu,1.36,6.2,8.6,betfair_ex_eu,h2h,us,2026-08-23T10:51:16Z,2026-08-23T10:51:30Z,close,24,pre-kickoff close tick @ 2026-08-23T10:51:30.090010+00:00
4b476ca9985a02742b9e536d0ea8e29e,2026-08-23T11:35:00Z,Shanghai SIPG FC,Qingdao Hainiu FC,Shanghai Port,Qingdao Hainiu,1.36,6.2,8.6,matchbook,h2h,us,2026-08-23T10:51:19Z,2026-08-23T10:51:30Z,close,24,pre-kickoff close tick @ 2026-08-23T10:51:30.090010+00:00
4b476ca9985a02742b9e536d0ea8e29e,2026-08-23T11:35:00Z,Shanghai SIPG FC,Qingdao Hainiu FC,Shanghai Port,Qingdao Hainiu,1.32,6.02,8.44,pinnacle,h2h,us,2026-08-23T11:00:55Z,2026-08-23T11:01:13Z,close,24,pre-kickoff close tick @ 2026-08-23T11:01:13.532819+00:00
4b476ca9985a02742b9e536d0ea8e29e,2026-08-23T11:35:00Z,Shanghai SIPG FC,Qingdao Hainiu FC,Shanghai Port,Qingdao Hainiu,1.36,6.2,8.6,betfair_ex_uk,h2h,us,2026-08-23T11:00:56Z,2026-08-23T11:01:13Z,close,24,pre-kickoff close tick @ 2026-08-23T11:01:13.532819+00:00
4b476ca9985a02742b9e536d0ea8e29e,2026-08-23T11:35:00Z,Shanghai SIPG FC,Qingdao Hainiu FC,Shanghai Port,Qingdao Hainiu,1.36,6.2,8.6,betfair_ex_eu,h2h,us,2026-08-23T11:00:56Z,2026-08-23T11:01:13Z,close,24,pre-kickoff close tick @ 2026-08-23T11:01:13.532819+00:00
4b476ca9985a02742b9e536d0ea8e29e,2026-08-23T11:35:00Z,Shanghai SIPG FC,Qingdao Hainiu FC,Shanghai Port,Qingdao Hainiu,1.36,6.2,8.6,matchbook,h2h,us,2026-08-23T11:00:56Z,2026-08-23T11:01:13Z,close,24,pre-kickoff close tick @ 2026-08-23T11:01:13.532819+00:00
355a02bc58ba08ff3a0823157354fb49,2026-08-23T12:00:00Z,Chongqing Tonglianglong FC,Dalian Yingbo,Chongqing Tonglianglong,Dalian Yingbo,2.33,3.42,3.15,pinnacle,h2h,us,2026-08-23T11:00:55Z,2026-08-23T11:01:13Z,close,24,pre-kickoff close tick @ 2026-08-23T11:01:13.532819+00:00
355a02bc58ba08ff3a0823157354fb49,2026-08-23T12:00:00Z,Chongqing Tonglianglong FC,Dalian Yingbo,Chongqing Tonglianglong,Dalian Yingbo,2.4,3.45,3.25,betfair_ex_eu,h2h,us,2026-08-23T11:00:56Z,2026-08-23T11:01:13Z,close,24,pre-kickoff close tick @ 2026-08-23T11:01:13.532819+00:00
355a02bc58ba08ff3a0823157354fb49,2026-08-23T12:00:00Z,Chongqing Tonglianglong FC,Dalian Yingbo,Chongqing Tonglianglong,Dalian Yingbo,2.4,3.45,3.25,betfair_ex_uk,h2h,us,2026-08-23T11:00:56Z,2026-08-23T11:01:13Z,close,24,pre-kickoff close tick @ 2026-08-23T11:01:13.532819+00:00
355a02bc58ba08ff3a0823157354fb49,2026-08-23T12:00:00Z,Chongqing Tonglianglong FC,Dalian Yingbo,Chongqing Tonglianglong,Dalian Yingbo,2.42,3.45,3.25,matchbook,h2h,us,2026-08-23T11:00:56Z,2026-08-23T11:01:13Z,close,24,pre-kickoff close tick @ 2026-08-23T11:01:13.532819+00:00
4b476ca9985a02742b9e536d0ea8e29e,2026-08-23T11:35:00Z,Shanghai SIPG FC,Qingdao Hainiu FC,Shanghai Port,Qingdao Hainiu,1.32,6.02,8.44,pinnacle,h2h,us,2026-08-23T11:09:26Z,2026-08-23T11:09:32Z,close,24,pre-kickoff close tick @ 2026-08-23T11:09:32.454390+00:00
4b476ca9985a02742b9e536d0ea8e29e,2026-08-23T11:35:00Z,Shanghai SIPG FC,Qingdao Hainiu FC,Shanghai Port,Qingdao Hainiu,1.36,6.2,9.0,betfair_ex_uk,h2h,us,2026-08-23T11:09:27Z,2026-08-23T11:09:32Z,close,24,pre-kickoff close tick @ 2026-08-23T11:09:32.454390+00:00
4b476ca9985a02742b9e536d0ea8e29e,2026-08-23T11:35:00Z,Shanghai SIPG FC,Qingdao Hainiu FC,Shanghai Port,Qingdao Hainiu,1.36,6.2,9.0,betfair_ex_eu,h2h,us,2026-08-23T11:09:26Z,2026-08-23T11:09:32Z,close,24,pre-kickoff close tick @ 2026-08-23T11:09:32.454390+00:00
4b476ca9985a02742b9e536d0ea8e29e,2026-08-23T11:35:00Z,Shanghai SIPG FC,Qingdao Hainiu FC,Shanghai Port,Qingdao Hainiu,1.36,6.2,9.0,matchbook,h2h,us,2026-08-23T11:09:27Z,2026-08-23T11:09:32Z,close,24,pre-kickoff close tick @ 2026-08-23T11:09:32.454390+00:00
355a02bc58ba08ff3a0823157354fb49,2026-08-23T12:00:00Z,Chongqing Tonglianglong FC,Dalian Yingbo,Chongqing Tonglianglong,Dalian Yingbo,2.33,3.42,3.15,pinnacle,h2h,us,2026-08-23T11:09:26Z,2026-08-23T11:09:32Z,close,24,pre-kickoff close tick @ 2026-08-23T11:09:32.454390+00:00
355a02bc58ba08ff3a0823157354fb49,2026-08-23T12:00:00Z,Chongqing Tonglianglong FC,Dalian Yingbo,Chongqing Tonglianglong,Dalian Yingbo,2.4,3.45,3.25,betfair_ex_eu,h2h,us,2026-08-23T11:09:26Z,2026-08-23T11:09:32Z,close,24,pre-kickoff close tick @ 2026-08-23T11:09:32.454390+00:00
355a02bc58ba08ff3a0823157354fb49,2026-08-23T12:00:00Z,Chongqing Tonglianglong FC,Dalian Yingbo,Chongqing Tonglianglong,Dalian Yingbo,2.4,3.45,3.25,betfair_ex_uk,h2h,us,2026-08-23T11:09:27Z,2026-08-23T11:09:32Z,close,24,pre-kickoff close tick @ 2026-08-23T11:09:32.454390+00:00
355a02bc58ba08ff3a0823157354fb49,2026-08-23T12:00:00Z,Chongqing Tonglianglong FC,Dalian Yingbo,Chongqing Tonglianglong,Dalian Yingbo,2.42,3.45,3.25,matchbook,h2h,us,2026-08-23T11:09:27Z,2026-08-23T11:09:32Z,close,24,pre-kickoff close tick @ 2026-08-23T11:09:32.454390+00:00
4b476ca9985a02742b9e536d0ea8e29e,2026-08-23T11:35:00Z,Shanghai SIPG FC,Qingdao Hainiu FC,Shanghai Port,Qingdao Hainiu,1.32,6.02,8.44,pinnacle,h2h,us,2026-08-23T11:10:54Z,2026-08-23T11:11:14Z,close,24,pre-kickoff close tick @ 2026-08-23T11:11:14.799411+00:00
4b476ca9985a02742b9e536d0ea8e29e,2026-08-23T11:35:00Z,Shanghai SIPG FC,Qingdao Hainiu FC,Shanghai Port,Qingdao Hainiu,1.36,6.2,8.8,betfair_ex_uk,h2h,us,2026-08-23T11:10:53Z,2026-08-23T11:11:14Z,close,24,pre-kickoff close tick @ 2026-08-23T11:11:14.799411+00:00
4b476ca9985a02742b9e536d0ea8e29e,2026-08-23T11:35:00Z,Shanghai SIPG FC,Qingdao Hainiu FC,Shanghai Port,Qingdao Hainiu,1.36,6.2,9.0,betfair_ex_eu,h2h,us,2026-08-23T11:10:55Z,2026-08-23T11:11:14Z,close,24,pre-kickoff close tick @ 2026-08-23T11:11:14.799411+00:00
4b476ca9985a02742b9e536d0ea8e29e,2026-08-23T11:35:00Z,Shanghai SIPG FC,Qingdao Hainiu FC,Shanghai Port,Qingdao Hainiu,1.35,6.2,9.0,matchbook,h2h,us,2026-08-23T11:10:54Z,2026-08-23T11:11:14Z,close,24,pre-kickoff close tick @ 2026-08-23T11:11:14.799411+00:00
355a02bc58ba08ff3a0823157354fb49,2026-08-23T12:00:00Z,Chongqing Tonglianglong FC,Dalian Yingbo,Chongqing Tonglianglong,Dalian Yingbo,2.33,3.42,3.15,pinnacle,h2h,us,2026-08-23T11:10:54Z,2026-08-23T11:11:14Z,close,24,pre-kickoff close tick @ 2026-08-23T11:11:14.799411+00:00
355a02bc58ba08ff3a0823157354fb49,2026-08-23T12:00:00Z,Chongqing Tonglianglong FC,Dalian Yingbo,Chongqing Tonglianglong,Dalian Yingbo,2.42,3.4,3.3,betfair_ex_eu,h2h,us,2026-08-23T11:10:55Z,2026-08-23T11:11:14Z,close,24,pre-kickoff close tick @ 2026-08-23T11:11:14.799411+00:00
355a02bc58ba08ff3a0823157354fb49,2026-08-23T12:00:00Z,Chongqing Tonglianglong FC,Dalian Yingbo,Chongqing Tonglianglong,Dalian Yingbo,2.4,3.4,3.3,betfair_ex_uk,h2h,us,2026-08-23T11:10:53Z,2026-08-23T11:11:14Z,close,24,pre-kickoff close tick @ 2026-08-23T11:11:14.799411+00:00
355a02bc58ba08ff3a0823157354fb49,2026-08-23T12:00:00Z,Chongqing Tonglianglong FC,Dalian Yingbo,Chongqing Tonglianglong,Dalian Yingbo,2.42,3.4,3.3,matchbook,h2h,us,2026-08-23T11:10:54Z,2026-08-23T11:11:14Z,close,24,pre-kickoff close tick @ 2026-08-23T11:11:14.799411+00:00
06e406933891a1d759d68bf7f88c3df6,2026-08-29T11:35:00Z,Chengdu Rongcheng FC,Liaoning Tieren FC,Chengdu Rongcheng,Liaoning Tieren,1.29,5.8,7.81,pinnacle,h2h,us,2026-08-23T11:20:36Z,2026-08-23T11:20:51Z,open,25,scheduler open-window tick @ 2026-08-23T11:20:51.678897+00:00
4b476ca9985a02742b9e536d0ea8e29e,2026-08-23T11:35:00Z,Shanghai SIPG FC,Qingdao Hainiu FC,Shanghai Port,Qingdao Hainiu,1.31,6.09,8.58,pinnacle,h2h,us,2026-08-23T11:20:59Z,2026-08-23T11:21:11Z,close,24,pre-kickoff close tick @ 2026-08-23T11:21:11.485525+00:00
4b476ca9985a02742b9e536d0ea8e29e,2026-08-23T11:35:00Z,Shanghai SIPG FC,Qingdao Hainiu FC,Shanghai Port,Qingdao Hainiu,1.35,6.4,9.0,betfair_ex_uk,h2h,us,2026-08-23T11:20:59Z,2026-08-23T11:21:11Z,close,24,pre-kickoff close tick @ 2026-08-23T11:21:11.485525+00:00
4b476ca9985a02742b9e536d0ea8e29e,2026-08-23T11:35:00Z,Shanghai SIPG FC,Qingdao Hainiu FC,Shanghai Port,Qingdao Hainiu,1.35,6.4,9.0,betfair_ex_eu,h2h,us,2026-08-23T11:20:59Z,2026-08-23T11:21:11Z,close,24,pre-kickoff close tick @ 2026-08-23T11:21:11.485525+00:00
4b476ca9985a02742b9e536d0ea8e29e,2026-08-23T11:35:00Z,Shanghai SIPG FC,Qingdao Hainiu FC,Shanghai Port,Qingdao Hainiu,1.35,6.4,9.0,matchbook,h2h,us,2026-08-23T11:20:58Z,2026-08-23T11:21:11Z,close,24,pre-kickoff close tick @ 2026-08-23T11:21:11.485525+00:00
355a02bc58ba08ff3a0823157354fb49,2026-08-23T12:00:00Z,Chongqing Tonglianglong FC,Dalian Yingbo,Chongqing Tonglianglong,Dalian Yingbo,2.35,3.31,3.21,pinnacle,h2h,us,2026-08-23T11:20:59Z,2026-08-23T11:21:11Z,close,24,pre-kickoff close tick @ 2026-08-23T11:21:11.485525+00:00
355a02bc58ba08ff3a0823157354fb49,2026-08-23T12:00:00Z,Chongqing Tonglianglong FC,Dalian Yingbo,Chongqing Tonglianglong,Dalian Yingbo,2.42,3.4,3.3,betfair_ex_eu,h2h,us,2026-08-23T11:20:59Z,2026-08-23T11:21:11Z,close,24,pre-kickoff close tick @ 2026-08-23T11:21:11.485525+00:00
355a02bc58ba08ff3a0823157354fb49,2026-08-23T12:00:00Z,Chongqing Tonglianglong FC,Dalian Yingbo,Chongqing Tonglianglong,Dalian Yingbo,2.42,3.4,3.3,betfair_ex_uk,h2h,us,2026-08-23T11:20:59Z,2026-08-23T11:21:11Z,close,24,pre-kickoff close tick @ 2026-08-23T11:21:11.485525+00:00
355a02bc58ba08ff3a0823157354fb49,2026-08-23T12:00:00Z,Chongqing Tonglianglong FC,Dalian Yingbo,Chongqing Tonglianglong,Dalian Yingbo,2.42,3.4,3.3,matchbook,h2h,us,2026-08-23T11:20:58Z,2026-08-23T11:21:11Z,close,24,pre-kickoff close tick @ 2026-08-23T11:21:11.485525+00:00
4b476ca9985a02742b9e536d0ea8e29e,2026-08-23T11:35:00Z,Shanghai SIPG FC,Qingdao Hainiu FC,Shanghai Port,Qingdao Hainiu,1.3,6.19,8.78,pinnacle,h2h,us,2026-08-23T11:30:59Z,2026-08-23T11:31:06Z,close,24,pre-kickoff close tick @ 2026-08-23T11:31:06.643060+00:00
4b476ca9985a02742b9e536d0ea8e29e,2026-08-23T11:35:00Z,Shanghai SIPG FC,Qingdao Hainiu FC,Shanghai Port,Qingdao Hainiu,1.34,6.4,9.4,betfair_ex_uk,h2h,us,2026-08-23T11:31:00Z,2026-08-23T11:31:06Z,close,24,pre-kickoff close tick @ 2026-08-23T11:31:06.643060+00:00
4b476ca9985a02742b9e536d0ea8e29e,2026-08-23T11:35:00Z,Shanghai SIPG FC,Qingdao Hainiu FC,Shanghai Port,Qingdao Hainiu,1.34,6.4,9.4,betfair_ex_eu,h2h,us,2026-08-23T11:31:01Z,2026-08-23T11:31:06Z,close,24,pre-kickoff close tick @ 2026-08-23T11:31:06.643060+00:00
4b476ca9985a02742b9e536d0ea8e29e,2026-08-23T11:35:00Z,Shanghai SIPG FC,Qingdao Hainiu FC,Shanghai Port,Qingdao Hainiu,1.34,6.4,9.4,matchbook,h2h,us,2026-08-23T11:31:00Z,2026-08-23T11:31:06Z,close,24,pre-kickoff close tick @ 2026-08-23T11:31:06.643060+00:00
355a02bc58ba08ff3a0823157354fb49,2026-08-23T12:00:00Z,Chongqing Tonglianglong FC,Dalian Yingbo,Chongqing Tonglianglong,Dalian Yingbo,2.3,3.42,3.21,pinnacle,h2h,us,2026-08-23T11:30:59Z,2026-08-23T11:31:06Z,close,24,pre-kickoff close tick @ 2026-08-23T11:31:06.643060+00:00
355a02bc58ba08ff3a0823157354fb49,2026-08-23T12:00:00Z,Chongqing Tonglianglong FC,Dalian Yingbo,Chongqing Tonglianglong,Dalian Yingbo,2.4,3.35,3.3,betfair_ex_eu,h2h,us,2026-08-23T11:31:01Z,2026-08-23T11:31:06Z,close,24,pre-kickoff close tick @ 2026-08-23T11:31:06.643060+00:00
355a02bc58ba08ff3a0823157354fb49,2026-08-23T12:00:00Z,Chongqing Tonglianglong FC,Dalian Yingbo,Chongqing Tonglianglong,Dalian Yingbo,2.42,3.35,3.3,betfair_ex_uk,h2h,us,2026-08-23T11:31:00Z,2026-08-23T11:31:06Z,close,24,pre-kickoff close tick @ 2026-08-23T11:31:06.643060+00:00
355a02bc58ba08ff3a0823157354fb49,2026-08-23T12:00:00Z,Chongqing Tonglianglong FC,Dalian Yingbo,Chongqing Tonglianglong,Dalian Yingbo,2.4,3.4,3.3,matchbook,h2h,us,2026-08-23T11:31:00Z,2026-08-23T11:31:06Z,close,24,pre-kickoff close tick @ 2026-08-23T11:31:06.643060+00:00
355a02bc58ba08ff3a0823157354fb49,2026-08-23T12:00:00Z,Chongqing Tonglianglong FC,Dalian Yingbo,Chongqing Tonglianglong,Dalian Yingbo,2.3,3.42,3.21,pinnacle,h2h,us,2026-08-23T11:33:46Z,2026-08-23T11:33:59Z,close,24,pre-kickoff close tick @ 2026-08-23T11:33:59.141870+00:00
355a02bc58ba08ff3a0823157354fb49,2026-08-23T12:00:00Z,Chongqing Tonglianglong FC,Dalian Yingbo,Chongqing Tonglianglong,Dalian Yingbo,2.4,3.4,3.3,betfair_ex_eu,h2h,us,2026-08-23T11:33:47Z,2026-08-23T11:33:59Z,close,24,pre-kickoff close tick @ 2026-08-23T11:33:59.141870+00:00
355a02bc58ba08ff3a0823157354fb49,2026-08-23T12:00:00Z,Chongqing Tonglianglong FC,Dalian Yingbo,Chongqing Tonglianglong,Dalian Yingbo,2.4,3.35,3.3,betfair_ex_uk,h2h,us,2026-08-23T11:33:47Z,2026-08-23T11:33:59Z,close,24,pre-kickoff close tick @ 2026-08-23T11:33:59.141870+00:00
355a02bc58ba08ff3a0823157354fb49,2026-08-23T12:00:00Z,Chongqing Tonglianglong FC,Dalian Yingbo,Chongqing Tonglianglong,Dalian Yingbo,2.4,3.4,3.3,matchbook,h2h,us,2026-08-23T11:33:47Z,2026-08-23T11:33:59Z,close,24,pre-kickoff close tick @ 2026-08-23T11:33:59.141870+00:00
oddsapiio:68995356,2026-08-29T11:35:00Z,Chengdu Rongcheng,Liaoning Tieren FC,Chengdu Rongcheng,Liaoning Tieren,1.33,6.2,8.4,duel,h2h,oddsapiio,2026-08-23T11:16:38.284Z,2026-08-23T11:40:37Z,open,25,odds-api.io first-seen open price @ 2026-08-23T11:40:36.886968+00:00
355a02bc58ba08ff3a0823157354fb49,2026-08-23T12:00:00Z,Chongqing Tonglianglong FC,Dalian Yingbo,Chongqing Tonglianglong,Dalian Yingbo,2.3,3.42,3.21,pinnacle,h2h,us,2026-08-23T11:41:23Z,2026-08-23T11:41:24Z,close,24,pre-kickoff close tick @ 2026-08-23T11:41:24.242685+00:00
355a02bc58ba08ff3a0823157354fb49,2026-08-23T12:00:00Z,Chongqing Tonglianglong FC,Dalian Yingbo,Chongqing Tonglianglong,Dalian Yingbo,2.4,3.4,3.3,betfair_ex_eu,h2h,us,2026-08-23T11:41:22Z,2026-08-23T11:41:24Z,close,24,pre-kickoff close tick @ 2026-08-23T11:41:24.242685+00:00
355a02bc58ba08ff3a0823157354fb49,2026-08-23T12:00:00Z,Chongqing Tonglianglong FC,Dalian Yingbo,Chongqing Tonglianglong,Dalian Yingbo,2.4,3.4,3.3,betfair_ex_uk,h2h,us,2026-08-23T11:41:22Z,2026-08-23T11:41:24Z,close,24,pre-kickoff close tick @ 2026-08-23T11:41:24.242685+00:00
355a02bc58ba08ff3a0823157354fb49,2026-08-23T12:00:00Z,Chongqing Tonglianglong FC,Dalian Yingbo,Chongqing Tonglianglong,Dalian Yingbo,2.4,3.4,3.3,matchbook,h2h,us,2026-08-23T11:41:03Z,2026-08-23T11:41:24Z,close,24,pre-kickoff close tick @ 2026-08-23T11:41:24.242685+00:00
355a02bc58ba08ff3a0823157354fb49,2026-08-23T12:00:00Z,Chongqing Tonglianglong FC,Dalian Yingbo,Chongqing Tonglianglong,Dalian Yingbo,2.26,3.43,3.27,pinnacle,h2h,us,2026-08-23T11:51:03Z,2026-08-23T11:51:07Z,close,24,pre-kickoff close tick @ 2026-08-23T11:51:07.658465+00:00
355a02bc58ba08ff3a0823157354fb49,2026-08-23T12:00:00Z,Chongqing Tonglianglong FC,Dalian Yingbo,Chongqing Tonglianglong,Dalian Yingbo,2.34,3.45,3.4,betfair_ex_eu,h2h,us,2026-08-23T11:51:03Z,2026-08-23T11:51:07Z,close,24,pre-kickoff close tick @ 2026-08-23T11:51:07.658465+00:00
355a02bc58ba08ff3a0823157354fb49,2026-08-23T12:00:00Z,Chongqing Tonglianglong FC,Dalian Yingbo,Chongqing Tonglianglong,Dalian Yingbo,2.34,3.45,3.4,betfair_ex_uk,h2h,us,2026-08-23T11:51:02Z,2026-08-23T11:51:07Z,close,24,pre-kickoff close tick @ 2026-08-23T11:51:07.658465+00:00
355a02bc58ba08ff3a0823157354fb49,2026-08-23T12:00:00Z,Chongqing Tonglianglong FC,Dalian Yingbo,Chongqing Tonglianglong,Dalian Yingbo,2.34,3.45,3.4,matchbook,h2h,us,2026-08-23T11:51:04Z,2026-08-23T11:51:07Z,close,24,pre-kickoff close tick @ 2026-08-23T11:51:07.658465+00:00
a7b111d3bc952f3841d38f226888c889,2026-08-28T12:00:00Z,Shenzhen Peng City FC,Shanghai SIPG FC,Shenzhen Xinpengcheng,Shanghai Port,3.2,3.72,2.06,pinnacle,h2h,us,2026-08-23T11:54:42Z,2026-08-23T11:54:48Z,open,25,scheduler open-window tick @ 2026-08-23T11:54:48.095410+00:00
3cd7befd72f334b28f52e0fb420a2875,2026-08-29T09:00:00Z,Qingdao Hainiu FC,Wuhan Three Towns,Qingdao Hainiu,Wuhan Three Towns,2.61,3.36,2.6,pinnacle,h2h,us,2026-08-23T11:54:42Z,2026-08-23T11:54:48Z,open,25,scheduler open-window tick @ 2026-08-23T11:54:48.095410+00:00
355a02bc58ba08ff3a0823157354fb49,2026-08-23T12:00:00Z,Chongqing Tonglianglong FC,Dalian Yingbo,Chongqing Tonglianglong,Dalian Yingbo,2.26,3.43,3.27,pinnacle,h2h,us,2026-08-23T11:55:01Z,2026-08-23T11:55:06Z,close,24,pre-kickoff close tick @ 2026-08-23T11:55:05.932825+00:00
355a02bc58ba08ff3a0823157354fb49,2026-08-23T12:00:00Z,Chongqing Tonglianglong FC,Dalian Yingbo,Chongqing Tonglianglong,Dalian Yingbo,2.3,3.45,3.5,betfair_ex_eu,h2h,us,2026-08-23T11:55:02Z,2026-08-23T11:55:06Z,close,24,pre-kickoff close tick @ 2026-08-23T11:55:05.932825+00:00
355a02bc58ba08ff3a0823157354fb49,2026-08-23T12:00:00Z,Chongqing Tonglianglong FC,Dalian Yingbo,Chongqing Tonglianglong,Dalian Yingbo,2.3,3.45,3.5,betfair_ex_uk,h2h,us,2026-08-23T11:55:01Z,2026-08-23T11:55:06Z,close,24,pre-kickoff close tick @ 2026-08-23T11:55:05.932825+00:00
355a02bc58ba08ff3a0823157354fb49,2026-08-23T12:00:00Z,Chongqing Tonglianglong FC,Dalian Yingbo,Chongqing Tonglianglong,Dalian Yingbo,2.3,3.5,3.5,matchbook,h2h,us,2026-08-23T11:55:03Z,2026-08-23T11:55:06Z,close,24,pre-kickoff close tick @ 2026-08-23T11:55:05.932825+00:00
oddsapiio:68995360,2026-08-29T09:00:00Z,Qingdao Hainiu FC,Wuhan Three Towns FC,Qingdao Hainiu,Wuhan Three Towns,2.68,3.5,2.68,duel,h2h,oddsapiio,2026-08-23T11:46:48.988Z,2026-08-23T12:00:36Z,open,25,odds-api.io first-seen open price @ 2026-08-23T12:00:35.286723+00:00
oddsapiio:68995356,2026-08-29T11:35:00Z,Chengdu Rongcheng,Liaoning Tieren FC,Chengdu Rongcheng,Liaoning Tieren,1.3,5.95,8.5,onexbet,h2h,oddsapiio,2026-08-23T12:05:39.648Z,2026-08-23T12:10:32Z,open,25,odds-api.io first-seen open price @ 2026-08-23T12:10:31.960890+00:00
oddsapiio:68995350,2026-08-28T12:00:00Z,Shenzhen Peng City,Shanghai Port FC,Shenzhen Xinpengcheng,Shanghai Port,3.22,3.82,2.07,onexbet,h2h,oddsapiio,2026-08-23T12:05:39.648Z,2026-08-23T12:17:45Z,open,25,odds-api.io first-seen open price @ 2026-08-23T12:17:44.923665+00:00
oddsapiio:68995350,2026-08-28T12:00:00Z,Shenzhen Peng City,Shanghai Port FC,Shenzhen Xinpengcheng,Shanghai Port,3.35,3.9,2.1,duel,h2h,oddsapiio,2026-08-23T12:08:58.671Z,2026-08-23T12:17:45Z,open,25,odds-api.io first-seen open price @ 2026-08-23T12:17:44.923665+00:00
oddsapiio:68995360,2026-08-29T09:00:00Z,Qingdao Hainiu FC,Wuhan Three Towns FC,Qingdao Hainiu,Wuhan Three Towns,2.625,3.42,2.625,onexbet,h2h,oddsapiio,2026-08-23T12:05:39.648Z,2026-08-23T12:17:45Z,open,25,odds-api.io first-seen open price @ 2026-08-23T12:17:44.923665+00:00
oddsapiio:68995362,2026-08-29T12:00:00Z,Henan,Chongqing Tonglianglong FC,Henan Songshan Longmen,Chongqing Tonglianglong,1.66,4.0,5.4,duel,h2h,oddsapiio,2026-08-23T12:26:05.994Z,2026-08-23T12:30:32Z,open,25,odds-api.io first-seen open price @ 2026-08-23T12:30:32.507252+00:00
oddsapiio:68995348,2026-08-28T11:35:00Z,Dalian Yingbo FC,Beijing Guoan,Dalian Yingbo,Beijing Guoan,3.25,3.95,2.12,duel,h2h,oddsapiio,2026-08-23T12:22:04.288Z,2026-08-23T12:30:32Z,open,25,odds-api.io first-seen open price @ 2026-08-23T12:30:32.507252+00:00
8c290ae762cb9035f78842344d6a3930,2026-08-28T11:35:00Z,Dalian Yingbo,Beijing FC,Dalian Yingbo,Beijing Guoan,3.03,3.78,2.12,pinnacle,h2h,us,2026-08-23T12:30:50Z,2026-08-23T12:30:53Z,open,25,scheduler open-window tick @ 2026-08-23T12:30:53.764978+00:00
783189fd3b75bf6a87503909bb677fcd,2026-08-29T12:00:00Z,Henan FC,Chongqing Tonglianglong FC,Henan Songshan Longmen,Chongqing Tonglianglong,1.6,3.85,5.29,pinnacle,h2h,us,2026-08-23T12:30:50Z,2026-08-23T12:30:53Z,open,25,scheduler open-window tick @ 2026-08-23T12:30:53.764978+00:00
oddsapiio:68995362,2026-08-29T12:00:00Z,Henan,Chongqing Tonglianglong FC,Henan Songshan Longmen,Chongqing Tonglianglong,1.632,3.92,5.3,onexbet,h2h,oddsapiio,2026-08-23T12:43:30.931Z,2026-08-23T12:50:32Z,open,25,odds-api.io first-seen open price @ 2026-08-23T12:50:32.628259+00:00
oddsapiio:68995348,2026-08-28T11:35:00Z,Dalian Yingbo FC,Beijing Guoan,Dalian Yingbo,Beijing Guoan,3.125,3.82,2.12,onexbet,h2h,oddsapiio,2026-08-23T12:43:30.931Z,2026-08-23T12:50:32Z,open,25,odds-api.io first-seen open price @ 2026-08-23T12:50:32.628259+00:00
8c290ae762cb9035f78842344d6a3930,2026-08-28T11:35:00Z,Dalian Yingbo,Beijing FC,Dalian Yingbo,Beijing Guoan,3.13,3.81,2.19,pinnacle,h2h,us,2026-08-28T10:41:32Z,2026-08-28T10:41:41Z,close,25,pre-kickoff close tick @ 2026-08-28T10:41:41.094706+00:00
8c290ae762cb9035f78842344d6a3930,2026-08-28T11:35:00Z,Dalian Yingbo,Beijing FC,Dalian Yingbo,Beijing Guoan,3.2,3.95,2.2,betfair_ex_eu,h2h,us,2026-08-28T10:41:33Z,2026-08-28T10:41:41Z,close,25,pre-kickoff close tick @ 2026-08-28T10:41:41.094706+00:00
8c290ae762cb9035f78842344d6a3930,2026-08-28T11:35:00Z,Dalian Yingbo,Beijing FC,Dalian Yingbo,Beijing Guoan,3.2,3.95,2.2,betfair_ex_uk,h2h,us,2026-08-28T10:41:34Z,2026-08-28T10:41:41Z,close,25,pre-kickoff close tick @ 2026-08-28T10:41:41.094706+00:00
8c290ae762cb9035f78842344d6a3930,2026-08-28T11:35:00Z,Dalian Yingbo,Beijing FC,Dalian Yingbo,Beijing Guoan,3.25,3.95,2.2,matchbook,h2h,us,2026-08-28T10:41:34Z,2026-08-28T10:41:41Z,close,25,pre-kickoff close tick @ 2026-08-28T10:41:41.094706+00:00
45d3d91486c7d4d0c6434d24156b5835,2026-08-28T11:35:00Z,Shanghai Shenhua FC,Shandong Luneng Taishan FC,Shanghai Shenhua,Shandong Taishan,1.63,4.67,4.61,pinnacle,h2h,us,2026-08-28T10:41:32Z,2026-08-28T10:41:41Z,close,25,pre-kickoff close tick @ 2026-08-28T10:41:41.094706+00:00
45d3d91486c7d4d0c6434d24156b5835,2026-08-28T11:35:00Z,Shanghai Shenhua FC,Shandong Luneng Taishan FC,Shanghai Shenhua,Shandong Taishan,1.67,4.9,4.7,betfair_ex_eu,h2h,us,2026-08-28T10:41:33Z,2026-08-28T10:41:41Z,close,25,pre-kickoff close tick @ 2026-08-28T10:41:41.094706+00:00
45d3d91486c7d4d0c6434d24156b5835,2026-08-28T11:35:00Z,Shanghai Shenhua FC,Shandong Luneng Taishan FC,Shanghai Shenhua,Shandong Taishan,1.67,4.9,4.7,betfair_ex_uk,h2h,us,2026-08-28T10:41:34Z,2026-08-28T10:41:41Z,close,25,pre-kickoff close tick @ 2026-08-28T10:41:41.094706+00:00
45d3d91486c7d4d0c6434d24156b5835,2026-08-28T11:35:00Z,Shanghai Shenhua FC,Shandong Luneng Taishan FC,Shanghai Shenhua,Shandong Taishan,1.68,4.9,4.7,matchbook,h2h,us,2026-08-28T10:41:34Z,2026-08-28T10:41:41Z,close,25,pre-kickoff close tick @ 2026-08-28T10:41:41.094706+00:00
8c290ae762cb9035f78842344d6a3930,2026-08-28T11:35:00Z,Dalian Yingbo,Beijing FC,Dalian Yingbo,Beijing Guoan,3.11,3.9,2.17,pinnacle,h2h,us,2026-08-28T10:51:32Z,2026-08-28T10:51:44Z,close,25,pre-kickoff close tick @ 2026-08-28T10:51:44.286747+00:00
8c290ae762cb9035f78842344d6a3930,2026-08-28T11:35:00Z,Dalian Yingbo,Beijing FC,Dalian Yingbo,Beijing Guoan,3.25,3.85,2.22,betfair_ex_eu,h2h,us,2026-08-28T10:51:32Z,2026-08-28T10:51:44Z,close,25,pre-kickoff close tick @ 2026-08-28T10:51:44.286747+00:00
8c290ae762cb9035f78842344d6a3930,2026-08-28T11:35:00Z,Dalian Yingbo,Beijing FC,Dalian Yingbo,Beijing Guoan,3.25,3.85,2.22,betfair_ex_uk,h2h,us,2026-08-28T10:51:32Z,2026-08-28T10:51:44Z,close,25,pre-kickoff close tick @ 2026-08-28T10:51:44.286747+00:00
8c290ae762cb9035f78842344d6a3930,2026-08-28T11:35:00Z,Dalian Yingbo,Beijing FC,Dalian Yingbo,Beijing Guoan,3.25,3.9,2.22,matchbook,h2h,us,2026-08-28T10:51:33Z,2026-08-28T10:51:44Z,close,25,pre-kickoff close tick @ 2026-08-28T10:51:44.286747+00:00
45d3d91486c7d4d0c6434d24156b5835,2026-08-28T11:35:00Z,Shanghai Shenhua FC,Shandong Luneng Taishan FC,Shanghai Shenhua,Shandong Taishan,1.63,4.71,4.6,pinnacle,h2h,us,2026-08-28T10:51:32Z,2026-08-28T10:51:44Z,close,25,pre-kickoff close tick @ 2026-08-28T10:51:44.286747+00:00
45d3d91486c7d4d0c6434d24156b5835,2026-08-28T11:35:00Z,Shanghai Shenhua FC,Shandong Luneng Taishan FC,Shanghai Shenhua,Shandong Taishan,1.67,5.0,4.7,betfair_ex_eu,h2h,us,2026-08-28T10:51:32Z,2026-08-28T10:51:44Z,close,25,pre-kickoff close tick @ 2026-08-28T10:51:44.286747+00:00
45d3d91486c7d4d0c6434d24156b5835,2026-08-28T11:35:00Z,Shanghai Shenhua FC,Shandong Luneng Taishan FC,Shanghai Shenhua,Shandong Taishan,1.67,5.0,4.7,betfair_ex_uk,h2h,us,2026-08-28T10:51:32Z,2026-08-28T10:51:44Z,close,25,pre-kickoff close tick @ 2026-08-28T10:51:44.286747+00:00
45d3d91486c7d4d0c6434d24156b5835,2026-08-28T11:35:00Z,Shanghai Shenhua FC,Shandong Luneng Taishan FC,Shanghai Shenhua,Shandong Taishan,1.68,4.9,4.7,matchbook,h2h,us,2026-08-28T10:51:33Z,2026-08-28T10:51:44Z,close,25,pre-kickoff close tick @ 2026-08-28T10:51:44.286747+00:00
8c290ae762cb9035f78842344d6a3930,2026-08-28T11:35:00Z,Dalian Yingbo,Beijing FC,Dalian Yingbo,Beijing Guoan,3.12,3.87,2.17,pinnacle,h2h,us,2026-08-28T11:01:34Z,2026-08-28T11:01:42Z,close,25,pre-kickoff close tick @ 2026-08-28T11:01:42.621849+00:00
8c290ae762cb9035f78842344d6a3930,2026-08-28T11:35:00Z,Dalian Yingbo,Beijing FC,Dalian Yingbo,Beijing Guoan,3.2,3.9,2.24,betfair_ex_eu,h2h,us,2026-08-28T11:01:33Z,2026-08-28T11:01:42Z,close,25,pre-kickoff close tick @ 2026-08-28T11:01:42.621849+00:00
8c290ae762cb9035f78842344d6a3930,2026-08-28T11:35:00Z,Dalian Yingbo,Beijing FC,Dalian Yingbo,Beijing Guoan,3.2,3.9,2.24,betfair_ex_uk,h2h,us,2026-08-28T11:01:37Z,2026-08-28T11:01:42Z,close,25,pre-kickoff close tick @ 2026-08-28T11:01:42.621849+00:00
8c290ae762cb9035f78842344d6a3930,2026-08-28T11:35:00Z,Dalian Yingbo,Beijing FC,Dalian Yingbo,Beijing Guoan,3.2,3.9,2.26,matchbook,h2h,us,2026-08-28T11:01:08Z,2026-08-28T11:01:42Z,close,25,pre-kickoff close tick @ 2026-08-28T11:01:42.621849+00:00
45d3d91486c7d4d0c6434d24156b5835,2026-08-28T11:35:00Z,Shanghai Shenhua FC,Shandong Luneng Taishan FC,Shanghai Shenhua,Shandong Taishan,1.62,4.73,4.65,pinnacle,h2h,us,2026-08-28T11:01:34Z,2026-08-28T11:01:42Z,close,25,pre-kickoff close tick @ 2026-08-28T11:01:42.621849+00:00
45d3d91486c7d4d0c6434d24156b5835,2026-08-28T11:35:00Z,Shanghai Shenhua FC,Shandong Luneng Taishan FC,Shanghai Shenhua,Shandong Taishan,1.64,5.1,4.8,betfair_ex_eu,h2h,us,2026-08-28T11:01:33Z,2026-08-28T11:01:42Z,close,25,pre-kickoff close tick @ 2026-08-28T11:01:42.621849+00:00
45d3d91486c7d4d0c6434d24156b5835,2026-08-28T11:35:00Z,Shanghai Shenhua FC,Shandong Luneng Taishan FC,Shanghai Shenhua,Shandong Taishan,1.65,5.1,4.8,betfair_ex_uk,h2h,us,2026-08-28T11:01:37Z,2026-08-28T11:01:42Z,close,25,pre-kickoff close tick @ 2026-08-28T11:01:42.621849+00:00
45d3d91486c7d4d0c6434d24156b5835,2026-08-28T11:35:00Z,Shanghai Shenhua FC,Shandong Luneng Taishan FC,Shanghai Shenhua,Shandong Taishan,1.64,5.1,4.8,matchbook,h2h,us,2026-08-28T11:01:08Z,2026-08-28T11:01:42Z,close,25,pre-kickoff close tick @ 2026-08-28T11:01:42.621849+00:00
a7b111d3bc952f3841d38f226888c889,2026-08-28T12:00:00Z,Shenzhen Peng City FC,Shanghai SIPG FC,Shenzhen Xinpengcheng,Shanghai Port,3.34,3.9,2.06,pinnacle,h2h,us,2026-08-28T11:01:34Z,2026-08-28T11:01:42Z,close,25,pre-kickoff close tick @ 2026-08-28T11:01:42.621849+00:00
a7b111d3bc952f3841d38f226888c889,2026-08-28T12:00:00Z,Shenzhen Peng City FC,Shanghai SIPG FC,Shenzhen Xinpengcheng,Shanghai Port,3.4,4.0,2.14,betfair_ex_uk,h2h,us,2026-08-28T11:01:37Z,2026-08-28T11:01:42Z,close,25,pre-kickoff close tick @ 2026-08-28T11:01:42.621849+00:00
a7b111d3bc952f3841d38f226888c889,2026-08-28T12:00:00Z,Shenzhen Peng City FC,Shanghai SIPG FC,Shenzhen Xinpengcheng,Shanghai Port,3.4,4.0,2.14,betfair_ex_eu,h2h,us,2026-08-28T11:01:33Z,2026-08-28T11:01:42Z,close,25,pre-kickoff close tick @ 2026-08-28T11:01:42.621849+00:00
a7b111d3bc952f3841d38f226888c889,2026-08-28T12:00:00Z,Shenzhen Peng City FC,Shanghai SIPG FC,Shenzhen Xinpengcheng,Shanghai Port,3.5,3.95,2.14,matchbook,h2h,us,2026-08-28T11:01:08Z,2026-08-28T11:01:42Z,close,25,pre-kickoff close tick @ 2026-08-28T11:01:42.621849+00:00
8c290ae762cb9035f78842344d6a3930,2026-08-28T11:35:00Z,Dalian Yingbo,Beijing FC,Dalian Yingbo,Beijing Guoan,3.12,3.87,2.17,pinnacle,h2h,us,2026-08-28T11:11:38Z,2026-08-28T11:11:40Z,close,25,pre-kickoff close tick @ 2026-08-28T11:11:40.429516+00:00
8c290ae762cb9035f78842344d6a3930,2026-08-28T11:35:00Z,Dalian Yingbo,Beijing FC,Dalian Yingbo,Beijing Guoan,3.1,3.9,2.28,betfair_ex_eu,h2h,us,2026-08-28T11:11:38Z,2026-08-28T11:11:40Z,close,25,pre-kickoff close tick @ 2026-08-28T11:11:40.429516+00:00
8c290ae762cb9035f78842344d6a3930,2026-08-28T11:35:00Z,Dalian Yingbo,Beijing FC,Dalian Yingbo,Beijing Guoan,3.1,3.9,2.28,betfair_ex_uk,h2h,us,2026-08-28T11:11:38Z,2026-08-28T11:11:40Z,close,25,pre-kickoff close tick @ 2026-08-28T11:11:40.429516+00:00
8c290ae762cb9035f78842344d6a3930,2026-08-28T11:35:00Z,Dalian Yingbo,Beijing FC,Dalian Yingbo,Beijing Guoan,3.1,3.9,2.28,matchbook,h2h,us,2026-08-28T11:11:38Z,2026-08-28T11:11:40Z,close,25,pre-kickoff close tick @ 2026-08-28T11:11:40.429516+00:00
45d3d91486c7d4d0c6434d24156b5835,2026-08-28T11:35:00Z,Shanghai Shenhua FC,Shandong Luneng Taishan FC,Shanghai Shenhua,Shandong Taishan,1.62,4.73,4.65,pinnacle,h2h,us,2026-08-28T11:11:38Z,2026-08-28T11:11:40Z,close,25,pre-kickoff close tick @ 2026-08-28T11:11:40.429516+00:00
45d3d91486c7d4d0c6434d24156b5835,2026-08-28T11:35:00Z,Shanghai Shenhua FC,Shandong Luneng Taishan FC,Shanghai Shenhua,Shandong Taishan,1.62,5.2,4.9,betfair_ex_eu,h2h,us,2026-08-28T11:11:38Z,2026-08-28T11:11:40Z,close,25,pre-kickoff close tick @ 2026-08-28T11:11:40.429516+00:00
45d3d91486c7d4d0c6434d24156b5835,2026-08-28T11:35:00Z,Shanghai Shenhua FC,Shandong Luneng Taishan FC,Shanghai Shenhua,Shandong Taishan,1.62,5.2,4.9,betfair_ex_uk,h2h,us,2026-08-28T11:11:38Z,2026-08-28T11:11:40Z,close,25,pre-kickoff close tick @ 2026-08-28T11:11:40.429516+00:00
45d3d91486c7d4d0c6434d24156b5835,2026-08-28T11:35:00Z,Shanghai Shenhua FC,Shandong Luneng Taishan FC,Shanghai Shenhua,Shandong Taishan,1.62,5.2,4.9,matchbook,h2h,us,2026-08-28T11:11:38Z,2026-08-28T11:11:40Z,close,25,pre-kickoff close tick @ 2026-08-28T11:11:40.429516+00:00
a7b111d3bc952f3841d38f226888c889,2026-08-28T12:00:00Z,Shenzhen Peng City FC,Shanghai SIPG FC,Shenzhen Xinpengcheng,Shanghai Port,3.34,3.9,2.06,pinnacle,h2h,us,2026-08-28T11:11:38Z,2026-08-28T11:11:40Z,close,25,pre-kickoff close tick @ 2026-08-28T11:11:40.429516+00:00
a7b111d3bc952f3841d38f226888c889,2026-08-28T12:00:00Z,Shenzhen Peng City FC,Shanghai SIPG FC,Shenzhen Xinpengcheng,Shanghai Port,3.45,3.85,2.16,betfair_ex_uk,h2h,us,2026-08-28T11:11:38Z,2026-08-28T11:11:40Z,close,25,pre-kickoff close tick @ 2026-08-28T11:11:40.429516+00:00
a7b111d3bc952f3841d38f226888c889,2026-08-28T12:00:00Z,Shenzhen Peng City FC,Shanghai SIPG FC,Shenzhen Xinpengcheng,Shanghai Port,3.45,3.85,2.16,betfair_ex_eu,h2h,us,2026-08-28T11:11:38Z,2026-08-28T11:11:40Z,close,25,pre-kickoff close tick @ 2026-08-28T11:11:40.429516+00:00
a7b111d3bc952f3841d38f226888c889,2026-08-28T12:00:00Z,Shenzhen Peng City FC,Shanghai SIPG FC,Shenzhen Xinpengcheng,Shanghai Port,3.45,3.85,2.16,matchbook,h2h,us,2026-08-28T11:11:38Z,2026-08-28T11:11:40Z,close,25,pre-kickoff close tick @ 2026-08-28T11:11:40.429516+00:00
8c290ae762cb9035f78842344d6a3930,2026-08-28T11:35:00Z,Dalian Yingbo,Beijing FC,Dalian Yingbo,Beijing Guoan,2.95,3.96,2.24,pinnacle,h2h,us,2026-08-28T11:21:22Z,2026-08-28T11:21:48Z,close,25,pre-kickoff close tick @ 2026-08-28T11:21:48.013790+00:00
8c290ae762cb9035f78842344d6a3930,2026-08-28T11:35:00Z,Dalian Yingbo,Beijing FC,Dalian Yingbo,Beijing Guoan,3.0,3.95,2.32,betfair_ex_eu,h2h,us,2026-08-28T11:21:22Z,2026-08-28T11:21:48Z,close,25,pre-kickoff close tick @ 2026-08-28T11:21:48.013790+00:00
8c290ae762cb9035f78842344d6a3930,2026-08-28T11:35:00Z,Dalian Yingbo,Beijing FC,Dalian Yingbo,Beijing Guoan,3.0,3.95,2.32,betfair_ex_uk,h2h,us,2026-08-28T11:21:22Z,2026-08-28T11:21:48Z,close,25,pre-kickoff close tick @ 2026-08-28T11:21:48.013790+00:00
8c290ae762cb9035f78842344d6a3930,2026-08-28T11:35:00Z,Dalian Yingbo,Beijing FC,Dalian Yingbo,Beijing Guoan,3.05,3.95,2.32,matchbook,h2h,us,2026-08-28T11:21:21Z,2026-08-28T11:21:48Z,close,25,pre-kickoff close tick @ 2026-08-28T11:21:48.013790+00:00
45d3d91486c7d4d0c6434d24156b5835,2026-08-28T11:35:00Z,Shanghai Shenhua FC,Shandong Luneng Taishan FC,Shanghai Shenhua,Shandong Taishan,1.59,4.84,4.84,pinnacle,h2h,us,2026-08-28T11:21:22Z,2026-08-28T11:21:48Z,close,25,pre-kickoff close tick @ 2026-08-28T11:21:48.013790+00:00
45d3d91486c7d4d0c6434d24156b5835,2026-08-28T11:35:00Z,Shanghai Shenhua FC,Shandong Luneng Taishan FC,Shanghai Shenhua,Shandong Taishan,1.62,5.2,5.0,betfair_ex_eu,h2h,us,2026-08-28T11:21:22Z,2026-08-28T11:21:48Z,close,25,pre-kickoff close tick @ 2026-08-28T11:21:48.013790+00:00
45d3d91486c7d4d0c6434d24156b5835,2026-08-28T11:35:00Z,Shanghai Shenhua FC,Shandong Luneng Taishan FC,Shanghai Shenhua,Shandong Taishan,1.61,5.2,5.0,betfair_ex_uk,h2h,us,2026-08-28T11:21:22Z,2026-08-28T11:21:48Z,close,25,pre-kickoff close tick @ 2026-08-28T11:21:48.013790+00:00
45d3d91486c7d4d0c6434d24156b5835,2026-08-28T11:35:00Z,Shanghai Shenhua FC,Shandong Luneng Taishan FC,Shanghai Shenhua,Shandong Taishan,1.61,5.3,5.0,matchbook,h2h,us,2026-08-28T11:21:21Z,2026-08-28T11:21:48Z,close,25,pre-kickoff close tick @ 2026-08-28T11:21:48.013790+00:00
a7b111d3bc952f3841d38f226888c889,2026-08-28T12:00:00Z,Shenzhen Peng City FC,Shanghai SIPG FC,Shenzhen Xinpengcheng,Shanghai Port,3.38,3.85,2.06,pinnacle,h2h,us,2026-08-28T11:21:22Z,2026-08-28T11:21:48Z,close,25,pre-kickoff close tick @ 2026-08-28T11:21:48.013790+00:00
a7b111d3bc952f3841d38f226888c889,2026-08-28T12:00:00Z,Shenzhen Peng City FC,Shanghai SIPG FC,Shenzhen Xinpengcheng,Shanghai Port,3.45,3.85,2.18,betfair_ex_uk,h2h,us,2026-08-28T11:21:22Z,2026-08-28T11:21:48Z,close,25,pre-kickoff close tick @ 2026-08-28T11:21:48.013790+00:00
a7b111d3bc952f3841d38f226888c889,2026-08-28T12:00:00Z,Shenzhen Peng City FC,Shanghai SIPG FC,Shenzhen Xinpengcheng,Shanghai Port,3.45,3.85,2.18,betfair_ex_eu,h2h,us,2026-08-28T11:21:22Z,2026-08-28T11:21:48Z,close,25,pre-kickoff close tick @ 2026-08-28T11:21:48.013790+00:00
a7b111d3bc952f3841d38f226888c889,2026-08-28T12:00:00Z,Shenzhen Peng City FC,Shanghai SIPG FC,Shenzhen Xinpengcheng,Shanghai Port,3.5,3.85,2.18,matchbook,h2h,us,2026-08-28T11:21:21Z,2026-08-28T11:21:48Z,close,25,pre-kickoff close tick @ 2026-08-28T11:21:48.013790+00:00
8c290ae762cb9035f78842344d6a3930,2026-08-28T11:35:00Z,Dalian Yingbo,Beijing FC,Dalian Yingbo,Beijing Guoan,2.95,3.97,2.23,pinnacle,h2h,us,2026-08-28T11:31:45Z,2026-08-28T11:31:48Z,close,25,pre-kickoff close tick @ 2026-08-28T11:31:48.174756+00:00
8c290ae762cb9035f78842344d6a3930,2026-08-28T11:35:00Z,Dalian Yingbo,Beijing FC,Dalian Yingbo,Beijing Guoan,3.0,3.95,2.32,betfair_ex_eu,h2h,us,2026-08-28T11:31:46Z,2026-08-28T11:31:48Z,close,25,pre-kickoff close tick @ 2026-08-28T11:31:48.174756+00:00
8c290ae762cb9035f78842344d6a3930,2026-08-28T11:35:00Z,Dalian Yingbo,Beijing FC,Dalian Yingbo,Beijing Guoan,3.0,3.95,2.32,betfair_ex_uk,h2h,us,2026-08-28T11:31:45Z,2026-08-28T11:31:48Z,close,25,pre-kickoff close tick @ 2026-08-28T11:31:48.174756+00:00
8c290ae762cb9035f78842344d6a3930,2026-08-28T11:35:00Z,Dalian Yingbo,Beijing FC,Dalian Yingbo,Beijing Guoan,3.05,4.0,2.32,matchbook,h2h,us,2026-08-28T11:31:45Z,2026-08-28T11:31:48Z,close,25,pre-kickoff close tick @ 2026-08-28T11:31:48.174756+00:00
45d3d91486c7d4d0c6434d24156b5835,2026-08-28T11:35:00Z,Shanghai Shenhua FC,Shandong Luneng Taishan FC,Shanghai Shenhua,Shandong Taishan,1.55,4.96,5.06,pinnacle,h2h,us,2026-08-28T11:31:45Z,2026-08-28T11:31:48Z,close,25,pre-kickoff close tick @ 2026-08-28T11:31:48.174756+00:00
45d3d91486c7d4d0c6434d24156b5835,2026-08-28T11:35:00Z,Shanghai Shenhua FC,Shandong Luneng Taishan FC,Shanghai Shenhua,Shandong Taishan,1.59,5.4,5.3,betfair_ex_eu,h2h,us,2026-08-28T11:31:46Z,2026-08-28T11:31:48Z,close,25,pre-kickoff close tick @ 2026-08-28T11:31:48.174756+00:00
45d3d91486c7d4d0c6434d24156b5835,2026-08-28T11:35:00Z,Shanghai Shenhua FC,Shandong Luneng Taishan FC,Shanghai Shenhua,Shandong Taishan,1.59,5.3,5.2,betfair_ex_uk,h2h,us,2026-08-28T11:31:45Z,2026-08-28T11:31:48Z,close,25,pre-kickoff close tick @ 2026-08-28T11:31:48.174756+00:00
45d3d91486c7d4d0c6434d24156b5835,2026-08-28T11:35:00Z,Shanghai Shenhua FC,Shandong Luneng Taishan FC,Shanghai Shenhua,Shandong Taishan,1.59,5.4,5.3,matchbook,h2h,us,2026-08-28T11:31:45Z,2026-08-28T11:31:48Z,close,25,pre-kickoff close tick @ 2026-08-28T11:31:48.174756+00:00
a7b111d3bc952f3841d38f226888c889,2026-08-28T12:00:00Z,Shenzhen Peng City FC,Shanghai SIPG FC,Shenzhen Xinpengcheng,Shanghai Port,3.41,3.85,2.05,pinnacle,h2h,us,2026-08-28T11:31:45Z,2026-08-28T11:31:48Z,close,25,pre-kickoff close tick @ 2026-08-28T11:31:48.174756+00:00
a7b111d3bc952f3841d38f226888c889,2026-08-28T12:00:00Z,Shenzhen Peng City FC,Shanghai SIPG FC,Shenzhen Xinpengcheng,Shanghai Port,3.5,3.85,2.16,betfair_ex_uk,h2h,us,2026-08-28T11:31:45Z,2026-08-28T11:31:48Z,close,25,pre-kickoff close tick @ 2026-08-28T11:31:48.174756+00:00
a7b111d3bc952f3841d38f226888c889,2026-08-28T12:00:00Z,Shenzhen Peng City FC,Shanghai SIPG FC,Shenzhen Xinpengcheng,Shanghai Port,3.5,3.85,2.16,betfair_ex_eu,h2h,us,2026-08-28T11:31:46Z,2026-08-28T11:31:48Z,close,25,pre-kickoff close tick @ 2026-08-28T11:31:48.174756+00:00
a7b111d3bc952f3841d38f226888c889,2026-08-28T12:00:00Z,Shenzhen Peng City FC,Shanghai SIPG FC,Shenzhen Xinpengcheng,Shanghai Port,3.5,3.9,2.16,matchbook,h2h,us,2026-08-28T11:31:45Z,2026-08-28T11:31:48Z,close,25,pre-kickoff close tick @ 2026-08-28T11:31:48.174756+00:00
a7b111d3bc952f3841d38f226888c889,2026-08-28T12:00:00Z,Shenzhen Peng City FC,Shanghai SIPG FC,Shenzhen Xinpengcheng,Shanghai Port,3.41,3.85,2.05,pinnacle,h2h,us,2026-08-28T11:41:28Z,2026-08-28T11:41:38Z,close,25,pre-kickoff close tick @ 2026-08-28T11:41:38.639249+00:00
a7b111d3bc952f3841d38f226888c889,2026-08-28T12:00:00Z,Shenzhen Peng City FC,Shanghai SIPG FC,Shenzhen Xinpengcheng,Shanghai Port,3.45,3.85,2.16,betfair_ex_uk,h2h,us,2026-08-28T11:41:28Z,2026-08-28T11:41:38Z,close,25,pre-kickoff close tick @ 2026-08-28T11:41:38.639249+00:00
a7b111d3bc952f3841d38f226888c889,2026-08-28T12:00:00Z,Shenzhen Peng City FC,Shanghai SIPG FC,Shenzhen Xinpengcheng,Shanghai Port,3.45,3.85,2.16,betfair_ex_eu,h2h,us,2026-08-28T11:41:29Z,2026-08-28T11:41:38Z,close,25,pre-kickoff close tick @ 2026-08-28T11:41:38.639249+00:00
a7b111d3bc952f3841d38f226888c889,2026-08-28T12:00:00Z,Shenzhen Peng City FC,Shanghai SIPG FC,Shenzhen Xinpengcheng,Shanghai Port,3.45,3.85,2.18,matchbook,h2h,us,2026-08-28T11:41:28Z,2026-08-28T11:41:38Z,close,25,pre-kickoff close tick @ 2026-08-28T11:41:38.639249+00:00
a7b111d3bc952f3841d38f226888c889,2026-08-28T12:00:00Z,Shenzhen Peng City FC,Shanghai SIPG FC,Shenzhen Xinpengcheng,Shanghai Port,3.38,3.88,2.06,pinnacle,h2h,us,2026-08-28T11:51:31Z,2026-08-28T11:51:46Z,close,25,pre-kickoff close tick @ 2026-08-28T11:51:45.968047+00:00
a7b111d3bc952f3841d38f226888c889,2026-08-28T12:00:00Z,Shenzhen Peng City FC,Shanghai SIPG FC,Shenzhen Xinpengcheng,Shanghai Port,3.45,3.85,2.16,betfair_ex_uk,h2h,us,2026-08-28T11:51:29Z,2026-08-28T11:51:46Z,close,25,pre-kickoff close tick @ 2026-08-28T11:51:45.968047+00:00
a7b111d3bc952f3841d38f226888c889,2026-08-28T12:00:00Z,Shenzhen Peng City FC,Shanghai SIPG FC,Shenzhen Xinpengcheng,Shanghai Port,3.45,3.85,2.16,betfair_ex_eu,h2h,us,2026-08-28T11:51:29Z,2026-08-28T11:51:46Z,close,25,pre-kickoff close tick @ 2026-08-28T11:51:45.968047+00:00
a7b111d3bc952f3841d38f226888c889,2026-08-28T12:00:00Z,Shenzhen Peng City FC,Shanghai SIPG FC,Shenzhen Xinpengcheng,Shanghai Port,3.45,3.85,2.18,matchbook,h2h,us,2026-08-28T11:51:29Z,2026-08-28T11:51:46Z,close,25,pre-kickoff close tick @ 2026-08-28T11:51:45.968047+00:00
3cd7befd72f334b28f52e0fb420a2875,2026-08-29T09:00:00Z,Qingdao Hainiu FC,Wuhan Three Towns,Qingdao Hainiu,Wuhan Three Towns,2.67,3.65,2.56,pinnacle,h2h,us,2026-08-29T08:01:26Z,2026-08-29T08:01:39Z,close,25,pre-kickoff close tick @ 2026-08-29T08:01:39.745325+00:00
3cd7befd72f334b28f52e0fb420a2875,2026-08-29T09:00:00Z,Qingdao Hainiu FC,Wuhan Three Towns,Qingdao Hainiu,Wuhan Three Towns,2.72,3.75,2.62,betfair_ex_uk,h2h,us,2026-08-29T08:01:26Z,2026-08-29T08:01:39Z,close,25,pre-kickoff close tick @ 2026-08-29T08:01:39.745325+00:00
3cd7befd72f334b28f52e0fb420a2875,2026-08-29T09:00:00Z,Qingdao Hainiu FC,Wuhan Three Towns,Qingdao Hainiu,Wuhan Three Towns,2.72,3.75,2.62,betfair_ex_eu,h2h,us,2026-08-29T08:01:26Z,2026-08-29T08:01:39Z,close,25,pre-kickoff close tick @ 2026-08-29T08:01:39.745325+00:00
3cd7befd72f334b28f52e0fb420a2875,2026-08-29T09:00:00Z,Qingdao Hainiu FC,Wuhan Three Towns,Qingdao Hainiu,Wuhan Three Towns,2.74,3.75,2.62,matchbook,h2h,us,2026-08-29T08:01:26Z,2026-08-29T08:01:39Z,close,25,pre-kickoff close tick @ 2026-08-29T08:01:39.745325+00:00
3cd7befd72f334b28f52e0fb420a2875,2026-08-29T09:00:00Z,Qingdao Hainiu FC,Wuhan Three Towns,Qingdao Hainiu,Wuhan Three Towns,2.68,3.6,2.58,pinnacle,h2h,us,2026-08-29T08:11:46Z,2026-08-29T08:11:55Z,close,25,pre-kickoff close tick @ 2026-08-29T08:11:55.402050+00:00
3cd7befd72f334b28f52e0fb420a2875,2026-08-29T09:00:00Z,Qingdao Hainiu FC,Wuhan Three Towns,Qingdao Hainiu,Wuhan Three Towns,2.74,3.7,2.64,betfair_ex_uk,h2h,us,2026-08-29T08:11:47Z,2026-08-29T08:11:55Z,close,25,pre-kickoff close tick @ 2026-08-29T08:11:55.402050+00:00
3cd7befd72f334b28f52e0fb420a2875,2026-08-29T09:00:00Z,Qingdao Hainiu FC,Wuhan Three Towns,Qingdao Hainiu,Wuhan Three Towns,2.74,3.7,2.64,betfair_ex_eu,h2h,us,2026-08-29T08:11:46Z,2026-08-29T08:11:55Z,close,25,pre-kickoff close tick @ 2026-08-29T08:11:55.402050+00:00
3cd7befd72f334b28f52e0fb420a2875,2026-08-29T09:00:00Z,Qingdao Hainiu FC,Wuhan Three Towns,Qingdao Hainiu,Wuhan Three Towns,2.74,3.7,2.64,matchbook,h2h,us,2026-08-29T08:11:46Z,2026-08-29T08:11:55Z,close,25,pre-kickoff close tick @ 2026-08-29T08:11:55.402050+00:00
3cd7befd72f334b28f52e0fb420a2875,2026-08-29T09:00:00Z,Qingdao Hainiu FC,Wuhan Three Towns,Qingdao Hainiu,Wuhan Three Towns,2.68,3.6,2.58,pinnacle,h2h,us,2026-08-29T08:21:42Z,2026-08-29T08:21:42Z,close,25,pre-kickoff close tick @ 2026-08-29T08:21:42.744749+00:00
3cd7befd72f334b28f52e0fb420a2875,2026-08-29T09:00:00Z,Qingdao Hainiu FC,Wuhan Three Towns,Qingdao Hainiu,Wuhan Three Towns,2.74,3.7,2.64,betfair_ex_uk,h2h,us,2026-08-29T08:21:41Z,2026-08-29T08:21:42Z,close,25,pre-kickoff close tick @ 2026-08-29T08:21:42.744749+00:00
3cd7befd72f334b28f52e0fb420a2875,2026-08-29T09:00:00Z,Qingdao Hainiu FC,Wuhan Three Towns,Qingdao Hainiu,Wuhan Three Towns,2.74,3.7,2.64,betfair_ex_eu,h2h,us,2026-08-29T08:21:41Z,2026-08-29T08:21:42Z,close,25,pre-kickoff close tick @ 2026-08-29T08:21:42.744749+00:00
3cd7befd72f334b28f52e0fb420a2875,2026-08-29T09:00:00Z,Qingdao Hainiu FC,Wuhan Three Towns,Qingdao Hainiu,Wuhan Three Towns,2.74,3.7,2.6,matchbook,h2h,us,2026-08-29T08:21:41Z,2026-08-29T08:21:42Z,close,25,pre-kickoff close tick @ 2026-08-29T08:21:42.744749+00:00
3cd7befd72f334b28f52e0fb420a2875,2026-08-29T09:00:00Z,Qingdao Hainiu FC,Wuhan Three Towns,Qingdao Hainiu,Wuhan Three Towns,2.67,3.66,2.56,pinnacle,h2h,us,2026-08-29T08:31:38Z,2026-08-29T08:31:52Z,close,25,pre-kickoff close tick @ 2026-08-29T08:31:51.892375+00:00
3cd7befd72f334b28f52e0fb420a2875,2026-08-29T09:00:00Z,Qingdao Hainiu FC,Wuhan Three Towns,Qingdao Hainiu,Wuhan Three Towns,2.76,3.75,2.6,betfair_ex_uk,h2h,us,2026-08-29T08:31:40Z,2026-08-29T08:31:52Z,close,25,pre-kickoff close tick @ 2026-08-29T08:31:51.892375+00:00
3cd7befd72f334b28f52e0fb420a2875,2026-08-29T09:00:00Z,Qingdao Hainiu FC,Wuhan Three Towns,Qingdao Hainiu,Wuhan Three Towns,2.76,3.7,2.6,betfair_ex_eu,h2h,us,2026-08-29T08:31:41Z,2026-08-29T08:31:52Z,close,25,pre-kickoff close tick @ 2026-08-29T08:31:51.892375+00:00
3cd7befd72f334b28f52e0fb420a2875,2026-08-29T09:00:00Z,Qingdao Hainiu FC,Wuhan Three Towns,Qingdao Hainiu,Wuhan Three Towns,2.78,3.75,2.6,matchbook,h2h,us,2026-08-29T08:31:41Z,2026-08-29T08:31:52Z,close,25,pre-kickoff close tick @ 2026-08-29T08:31:51.892375+00:00
3cd7befd72f334b28f52e0fb420a2875,2026-08-29T09:00:00Z,Qingdao Hainiu FC,Wuhan Three Towns,Qingdao Hainiu,Wuhan Three Towns,2.75,3.58,2.53,pinnacle,h2h,us,2026-08-29T08:41:45Z,2026-08-29T08:41:50Z,close,25,pre-kickoff close tick @ 2026-08-29T08:41:50.216018+00:00
3cd7befd72f334b28f52e0fb420a2875,2026-08-29T09:00:00Z,Qingdao Hainiu FC,Wuhan Three Towns,Qingdao Hainiu,Wuhan Three Towns,2.78,3.7,2.62,betfair_ex_uk,h2h,us,2026-08-29T08:41:48Z,2026-08-29T08:41:50Z,close,25,pre-kickoff close tick @ 2026-08-29T08:41:50.216018+00:00
3cd7befd72f334b28f52e0fb420a2875,2026-08-29T09:00:00Z,Qingdao Hainiu FC,Wuhan Three Towns,Qingdao Hainiu,Wuhan Three Towns,2.78,3.7,2.62,betfair_ex_eu,h2h,us,2026-08-29T08:41:45Z,2026-08-29T08:41:50Z,close,25,pre-kickoff close tick @ 2026-08-29T08:41:50.216018+00:00
3cd7befd72f334b28f52e0fb420a2875,2026-08-29T09:00:00Z,Qingdao Hainiu FC,Wuhan Three Towns,Qingdao Hainiu,Wuhan Three Towns,2.8,3.7,2.6,matchbook,h2h,us,2026-08-29T08:41:47Z,2026-08-29T08:41:50Z,close,25,pre-kickoff close tick @ 2026-08-29T08:41:50.216018+00:00
3cd7befd72f334b28f52e0fb420a2875,2026-08-29T09:00:00Z,Qingdao Hainiu FC,Wuhan Three Towns,Qingdao Hainiu,Wuhan Three Towns,2.75,3.58,2.53,pinnacle,h2h,us,2026-08-29T08:51:19Z,2026-08-29T08:51:43Z,close,25,pre-kickoff close tick @ 2026-08-29T08:51:43.696465+00:00
3cd7befd72f334b28f52e0fb420a2875,2026-08-29T09:00:00Z,Qingdao Hainiu FC,Wuhan Three Towns,Qingdao Hainiu,Wuhan Three Towns,2.86,3.7,2.56,betfair_ex_uk,h2h,us,2026-08-29T08:51:41Z,2026-08-29T08:51:43Z,close,25,pre-kickoff close tick @ 2026-08-29T08:51:43.696465+00:00
3cd7befd72f334b28f52e0fb420a2875,2026-08-29T09:00:00Z,Qingdao Hainiu FC,Wuhan Three Towns,Qingdao Hainiu,Wuhan Three Towns,2.86,3.7,2.56,betfair_ex_eu,h2h,us,2026-08-29T08:51:41Z,2026-08-29T08:51:43Z,close,25,pre-kickoff close tick @ 2026-08-29T08:51:43.696465+00:00
3cd7befd72f334b28f52e0fb420a2875,2026-08-29T09:00:00Z,Qingdao Hainiu FC,Wuhan Three Towns,Qingdao Hainiu,Wuhan Three Towns,2.86,3.7,2.56,matchbook,h2h,us,2026-08-29T08:51:41Z,2026-08-29T08:51:43Z,close,25,pre-kickoff close tick @ 2026-08-29T08:51:43.696465+00:00
3cd7befd72f334b28f52e0fb420a2875,2026-08-29T09:00:00Z,Qingdao Hainiu FC,Wuhan Three Towns,Qingdao Hainiu,Wuhan Three Towns,2.77,3.6,2.51,pinnacle,h2h,us,2026-08-29T08:57:14Z,2026-08-29T08:57:31Z,close,25,pre-kickoff close tick @ 2026-08-29T08:57:31.685251+00:00
3cd7befd72f334b28f52e0fb420a2875,2026-08-29T09:00:00Z,Qingdao Hainiu FC,Wuhan Three Towns,Qingdao Hainiu,Wuhan Three Towns,2.86,3.65,2.56,betfair_ex_uk,h2h,us,2026-08-29T08:57:14Z,2026-08-29T08:57:31Z,close,25,pre-kickoff close tick @ 2026-08-29T08:57:31.685251+00:00
3cd7befd72f334b28f52e0fb420a2875,2026-08-29T09:00:00Z,Qingdao Hainiu FC,Wuhan Three Towns,Qingdao Hainiu,Wuhan Three Towns,2.86,3.65,2.56,betfair_ex_eu,h2h,us,2026-08-29T08:57:14Z,2026-08-29T08:57:31Z,close,25,pre-kickoff close tick @ 2026-08-29T08:57:31.685251+00:00
3cd7befd72f334b28f52e0fb420a2875,2026-08-29T09:00:00Z,Qingdao Hainiu FC,Wuhan Three Towns,Qingdao Hainiu,Wuhan Three Towns,2.86,3.7,2.56,matchbook,h2h,us,2026-08-29T08:57:13Z,2026-08-29T08:57:31Z,close,25,pre-kickoff close tick @ 2026-08-29T08:57:31.685251+00:00
